timestamp,vendor,part_number,quantity,lot,date_code,engine,processing_time,raw_text,image_hash,vendor_lot,description,hu,ibd
2026-03-10 02:49:47,UNKNOWN,UNKNOWN-PART,0.0,UNKNOWN-LOT,0.0,google_vision,1.4745538234710691,MOCK TEXT DATA 1P E28-01941-0258-A Q 2500 1T KEM-22B-99,,,,,
2026-03-10 11:08:31,UNKNOWN,SRN3012TA-2R2M,2000.0,,,paddleocr + google_vision,172.91s, | VISION: 0.00 02 BOURNS PN: SRN3012TA-2R2M QTY: 2000 03 ROLLS DC: 2515 LOT: QPYLW30436 MADE IN CHINA 8,d5249d1848fd1c1044442d3f9604f1e30f22a8beaeaaf788fdfe3f052ab8bf24,QPYLW30436,,1.0000010731409114e+17,IBD3140911290
2026-03-10 11:20:26,UNKNOWN,,,,,paddleocr + google_vision,381.89s, | VISION: ☐,31bab2ada107e3c125995c11dd18af9495362d3a4e1eeb7e6ac5cb3c8980be9c,,,1.0000010731416269e+17,IBD3141626918
2026-03-10 11:20:29,UNKNOWN,SRN3012TA-2R2M,2000.0,,,paddleocr + google_vision,184.87s, | VISION: ° 000 ZOM 0000GXM BOURNS PN: SRN3012TA-2R2M QTY: 2000 DC: 2515 03 TRANS: LOT: QPYLW30436 MADE IN CHINA,b49b27035e7ff9ae2e3d994476e8bf19e1ca164f8810aaa5f9c2f11a04a65225,QPYLW30436,,1.0000010731416296e+17,IBD3141629783
2026-03-10 11:28:54,UNKNOWN,SRN3012TA-2R2M,2000.0,,,barcode_detector + paddleocr + google_vision,6.49s,PSRN3012TA-2R2M+Q2000+9D2515+1TQPYLW30436 | OCR:  | VISION: 0003005 麵 BOURNS PN: SRN3012TA-2R2M QTY: 2000 03 ROLL$ DC: 2515 LOT; QPYLW30436 & MADE IN CHINA,97df611bcb89a64ac478e6c1b52176200d55bd3990265799a2585db2dc323705,QPYLW30436,PSRN3012TA-2R2M+Q2000+9D2515+1TQPYLW30436,1.0000010731421342e+17,IBD3142134202
2026-03-10 11:36:35,UNKNOWN,SW0007301,2500.0,,,paddleocr + google_vision,417.27s, | VISION: C US... CUST P/N SW0007301 UST PO #25260716. QUANTITY 2500 KENET P/N_C0005X72AK CAP 220UP VOLTS SA C/C 255200320. 256CPT ROHS-PRC D/C 2 2552 [5] UNIT ACTOP 110% SWINGTEL COMMUNICATIONS PVT. LTD. KEMET YAGEO COMPANY 60200,18223b021176815893e04f305e63002e13b175c68406d0529164ef218641d377,,,1.000001073142595e+17,IBD3142595010
2026-03-10 11:36:37,UNKNOWN,BAV70W-AU,70.0,,,paddleocr + google_vision,260.72s, | VISION: PAN NO: BAV70W-AU MPN BAV70W-AU R1 000A+ : MARKING JA CUST PIN SW0006259 FA LOT NO 5N18A70P7 ཡ་ུལཱ་ཨཱུཤཤཱཊ་ PASA PANCI (NF ROHS,c6362905b07ec619ae7b6658cdf582c104fc90c4f8204c529ddea1a8e1a400e7,5N18A70P7,,1.0000010731425976e+17,IBD3142597764
2026-03-10 11:36:40,UNKNOWN,NO,3000.0,,,paddleocr + google_vision,127.57s, | VISION: AW PART NO BAV70W.AU MPN: BAVTOW.AU RI ODDA! | | | | | | | | | BUN MARKING JA CUST PIN SWOOD8259 LOT NO 5N1BA70P7 | | | QTY: 3000 BUEL DC 2) PAST DEL-7425 PANEL (){F R+M!,6fe447095bd2c07ca64a77b2c902a370475a57caad526c157f43bcad7be324a7,5N1BA70P7,,1.0000010731426003e+17,IBD3142600330
2026-03-10 11:40:10,UNKNOWN,,902475.0,,,paddleocr + google_vision,10.93s, | VISION: [902475,04a0fd85e32dee419cef65b2d2e4404da5a48ab1969bc13d4fc8dfaee787529d,,,1.0000010731428104e+17,IBD3142810468
2026-03-10 12:32:10,,,,,,none,3.74s,,e01f0007fce4d761326440d8b25dcda9d5ddde97788bde6f9eb1f82fe8f9c865,,,1.00000107314593e+17,IBD3145930074
2026-03-10 12:32:42,UNKNOWN,,,,,paddleocr,2.69s,,e4d266b1c3a736a819c8ddad84f116d4ea35d92afc5d7a0c747a320619e13ed8,,,1.0000010731459626e+17,IBD3145962693
2026-03-10 12:33:30,UNKNOWN,,,,,paddleocr,3.43s,,5b83643ed99c7d0bf7b58d787360c4b9f5c7073a7782841978775af9fff2f7dc,,,1.00000107314601e+17,IBD3146010035
2026-03-10 12:38:01,UNKNOWN,,,,,paddleocr,2.74s,,bb51cacb437d03408b7b7714e295940249de6fb0913da020ac62680fb2e5be26,,,1.0000010731462813e+17,IBD3146281124
2026-03-10 13:24:22,UNKNOWN,-,-,,-,paddleocr,3.32s,,65afe153719104ca5ce91837243d780d8224bc5f682c92fed0b3fe989e0be479,-,-,1.0000010731490627e+17,IBD3149062739
2026-03-10 17:32:21,UNKNOWN,-,-,,-,none,8.33s,-,2a3aca84ad14ae8d43ab63e0a90715c3ad47f2d653cf06c8a0eb029db6a56380,-,-,1.0000010731639411e+17,IBD3163941250
2026-03-10 17:32:32,UNKNOWN,-,-,,-,none,7.10s,-,1bc96f48dc056fd64bb589d254ef8af25b12ea6f3e3b62bc3ae67276202143cc,-,-,1.0000010731639523e+17,IBD3163952390
2026-03-10 17:37:48,UNKNOWN,-,-,,-,none,3.68s,-,f9d06083b28ae2cb1c008fe129a683a617f6a7ee501559fdd9f1b9716baee234,-,-,1.0000010731642688e+17,IBD3164268962
2026-03-10 17:38:15,UNKNOWN,-,-,,-,paddleocr,1.66s,-,f9d06083b28ae2cb1c008fe129a683a617f6a7ee501559fdd9f1b9716baee234,-,-,1.0000010731642958e+17,IBD3164295885
2026-03-10 17:40:39,UNKNOWN,-,-,,-,paddleocr,1.95s,-,88fae907d50e0e6179ca0253d15e9a22fbd0775e4b05b40e53307e48209a4aaf,-,-,1.0000010731644392e+17,IBD3164439265
2026-03-10 17:46:24,UNKNOWN,-,-,,-,tesseract,1.17s,FANAR FINI OREXGO INGE INT MAT,8abc33716270e700d63df6bf743b345232f2d02cc1f53537f8bd4b9c9241578c,-,FANAR FINI OREXGO INGE INT MAT,1.0000010731647843e+17,IBD3164784577
2026-03-10 17:46:39,UNKNOWN,-,-,,-,paddleocr,2.21s,-,8abc33716270e700d63df6bf743b345232f2d02cc1f53537f8bd4b9c9241578c,-,-,1.0000010731647997e+17,IBD3164799743
2026-03-10 18:00:07,UNKNOWN,-,-,,-,tesseract,0.57s,-,6ec54851c6ca86f7a49cf37663dbeef523281c1cbfca50f15c69bb8c97151819,-,-,1.0000010731656077e+17,IBD3165607706
2026-03-10 18:00:10,UNKNOWN,-,-,,-,paddleocr,3.42s,-,6ec54851c6ca86f7a49cf37663dbeef523281c1cbfca50f15c69bb8c97151819,-,-,1.0000010731656102e+17,IBD3165610298
2026-03-10 18:01:38,UNKNOWN,-,-,,-,paddleocr,3.16s,-,6ec54851c6ca86f7a49cf37663dbeef523281c1cbfca50f15c69bb8c97151819,-,-,1.0000010731656989e+17,IBD3165698988
2026-03-10 18:03:02,UNKNOWN,-,-,,-,paddleocr,3.21s,-,6ec54851c6ca86f7a49cf37663dbeef523281c1cbfca50f15c69bb8c97151819,-,-,1.0000010731657824e+17,IBD3165782324
2026-03-10 18:04:42,UNKNOWN,BAVIG-AU,-,,-,tesseract,0.51s,"PANT
PARTNOBAVIG-AU
GTY3000
LOTNO6131C7187
0206",6ec54851c6ca86f7a49cf37663dbeef523281c1cbfca50f15c69bb8c97151819,NO6131C7187,"PANT
PARTNOBAVIG-AU
GTY3000
LOTNO6131C7187
0206",1.0000010731658822e+17,IBD3165882246
2026-03-10 18:04:44,UNKNOWN,-,-,,-,paddleocr,3.37s,-,6ec54851c6ca86f7a49cf37663dbeef523281c1cbfca50f15c69bb8c97151819,-,-,1.0000010731658848e+17,IBD3165884915
2026-03-10 18:06:03,PANJIT,BAVIG-AU,3000,,-,tesseract,0.52s,"PANT
PARTNOBAVIG-AU
GTY3000
LOTNO6131C7187
0206",6ec54851c6ca86f7a49cf37663dbeef523281c1cbfca50f15c69bb8c97151819,6131C7187,"PANT
PARTNOBAVIG-AU
GTY3000
LOTNO6131C7187
0206",1.0000010731659632e+17,IBD3165963355
2026-03-10 18:06:05,PANJIT,BAV99-AU,3000,,2405,paddleocr,3.20s,"PANJIT
PART NO: BAV99-AU
QTY.3000
LOTNO:6131C7187
DC: 2405",6ec54851c6ca86f7a49cf37663dbeef523281c1cbfca50f15c69bb8c97151819,6131C7187,"PANJIT
PART NO: BAV99-AU
QTY.3000
LOTNO:6131C7187
DC: 2405",1.0000010731659658e+17,IBD3165965834
2026-03-10 18:07:17,PANJIT,BAV99-AU,3000,,2405,paddleocr,3.14s,"PANJIT
PART NO: BAV99-AU
QTY.3000
LOTNO:6131C7187
DC: 2405",6ec54851c6ca86f7a49cf37663dbeef523281c1cbfca50f15c69bb8c97151819,6131C7187,"PANJIT
PART NO: BAV99-AU
QTY.3000
LOTNO:6131C7187
DC: 2405",1.000001073166038e+17,IBD3166037952
2026-03-10 18:07:25,PANJIT,BAVIG-AU,3000,,2405,tesseract,0.47s,"PANT
PARTNOBAVIG-AU
GTY3000
LOTNO6131C7187
0206",6ec54851c6ca86f7a49cf37663dbeef523281c1cbfca50f15c69bb8c97151819,6131C7187,"PANT
PARTNOBAVIG-AU
GTY3000
LOTNO6131C7187
0206",1.0000010731660454e+17,IBD3166045411
2026-03-10 18:14:01,UNKNOWN,ZX-123,500,,2510,paddleocr,3.57s,"ACME
PART NO: ZX-123
QTY 500
LOT NO: ABCD1234
DC:2510",223b02c947483d3fca8e5411a272ae9be29dc3e4cc9060482bcfde3a6f25c848,ABCD1234,"ACME
PART NO: ZX-123
QTY 500
LOT NO: ABCD1234
DC:2510",1.000001073166442e+17,IBD3166441961
2026-03-10 18:14:18,UNKNOWN,ZX-123,500,,2510,paddleocr,3.50s,"ACME
PART NO: ZX-123
QTY 500
LOT NO: ABCD1234
DC:2510",223b02c947483d3fca8e5411a272ae9be29dc3e4cc9060482bcfde3a6f25c848,ABCD1234,"ACME
PART NO: ZX-123
QTY 500
LOT NO: ABCD1234
DC:2510",1.0000010731664589e+17,IBD3166458979
2026-03-10 18:14:36,ACME,ZX-123,500,,2510,paddleocr,3.31s,"ACME
PART NO: ZX-123
QTY 500
LOT NO: ABCD1234
DC:2510",223b02c947483d3fca8e5411a272ae9be29dc3e4cc9060482bcfde3a6f25c848,ABCD1234,"ACME
PART NO: ZX-123
QTY 500
LOT NO: ABCD1234
DC:2510",1.000001073166476e+17,IBD3166476127
2026-03-10 18:17:29,UNKNOWN,-,-,,-,paddleocr,4.65s,"3
OW
AL
N",394d77a89668758697c74cd801306e6249e96fd92d55b937b6f4c84f89e5d00e,-,"3
OW
AL
N",1.0000010731666493e+17,IBD3166649147
2026-03-10 18:18:04,UNKNOWN,-,-,,-,paddleocr,5.43s,-,7c3aeaded8511596b5ddb1c8a55acccfb814c967a8ee3dfad06ad92e4ad21ca3,-,-,1.0000010731666845e+17,IBD3166684417
2026-03-10 18:18:14,UNKNOWN,-,-,,-,paddleocr,5.18s,-,324c141c5154728d1943ba6a6fba7cafdd3eb0ece06c9b8eb62ff533935af52c,-,-,1.000001073166694e+17,IBD3166694080
2026-03-11 04:02:20,UNKNOWN,-,-,,-,tesseract,1.80s,"OTY3000
LOTNOSIICTI",6ec54851c6ca86f7a49cf37663dbeef523281c1cbfca50f15c69bb8c97151819,NOSIICTI,"OTY3000
LOTNOSIICTI",1.0000010732017408e+17,IBD3201740807
2026-03-11 04:02:43,UNKNOWN,-,-,,-,paddleocr,17.52s,-,6ec54851c6ca86f7a49cf37663dbeef523281c1cbfca50f15c69bb8c97151819,-,-,1.0000010732017635e+17,IBD3201763757
2026-03-11 04:04:13,UNKNOWN,NOBAVEO-AU,-,,-,tesseract,1.65s,"PAT
PARTNOBAVEO-AU
OTY3000
LOTNO6131C7187
C2406",6ec54851c6ca86f7a49cf37663dbeef523281c1cbfca50f15c69bb8c97151819,NO6131C7187,"PAT
PARTNOBAVEO-AU
OTY3000
LOTNO6131C7187
C2406",1.0000010732018528e+17,IBD3201852963
2026-03-11 04:04:19,PANJIT,BAV99-AU,3000,,2405,paddleocr,2.48s,"PANJIT
PART NO: BAV99-AU
QTY:3000
LOTNO:6131C7187
DC:2405",6ec54851c6ca86f7a49cf37663dbeef523281c1cbfca50f15c69bb8c97151819,6131C7187,"PANJIT
PART NO: BAV99-AU
QTY:3000
LOTNO:6131C7187
DC:2405",1.0000010732018595e+17,IBD3201859506
2026-03-11 04:05:36,PANJIT,BAV99-AU,3000,,2405,paddleocr,2.32s,"PANJIT
PART NO: BAV99-AU
QTY:3000
LOTNO:6131C7187
DC:2405",6ec54851c6ca86f7a49cf37663dbeef523281c1cbfca50f15c69bb8c97151819,6131C7187,"PANJIT
PART NO: BAV99-AU
QTY:3000
LOTNO:6131C7187
DC:2405",1.0000010732019363e+17,IBD3201936409
2026-03-11 04:05:40,UNKNOWN,BAVEO-AU,3000,,-,tesseract,0.78s,"PAT
PARTNOBAVEO-AU
OTY3000
LOTNO6131C7187
C2406",6ec54851c6ca86f7a49cf37663dbeef523281c1cbfca50f15c69bb8c97151819,6131C7187,"PAT
PARTNOBAVEO-AU
OTY3000
LOTNO6131C7187
C2406",1.0000010732019406e+17,IBD3201940620
2026-03-11 04:06:16,KEMET,-,2500,,-,paddleocr,1.84s,"KEMET
PIN C0805X22-46RAC7800
QUANTITY 2500
LOT:68120761
DIC:2562",86b6fd0c1ff3e23663dbf10a53c2b6aadff099d9121c95327fab8ec1bdb5e331,68120761,"KEMET
PIN C0805X22-46RAC7800
QUANTITY 2500
LOT:68120761
DIC:2562",1.000001073201976e+17,IBD3201976177
2026-03-11 04:06:17,LITTELFUSE,-,3000,,2407,paddleocr,3.49s,"LITTELFUSE
PART NUMGER TPSMENCA VR
QTY3000
LOTOODE
1234ACD
DATE CODE 2407",8703483f220827b99b221fa681f0867b29169e7c3aab0e49276cae1f70861112,OODE,"LITTELFUSE
PART NUMGER TPSMENCA VR
QTY3000
LOTOODE
1234ACD
DATE CODE 2407",1.000001073201978e+17,IBD3201977924
2026-03-11 04:07:55,LITTELFUSE,TPSMENCAVR,3000,,2407,paddleocr,2.30s,"LITTELFUSE
PART NUMGER TPSMENCA VR
QTY3000
LOTOODE
1234ACD
DATE CODE 2407",8703483f220827b99b221fa681f0867b29169e7c3aab0e49276cae1f70861112,OODE,"LITTELFUSE
PART NUMGER TPSMENCA VR
QTY3000
LOTOODE
1234ACD
DATE CODE 2407",1.0000010732020755e+17,IBD3202075597
2026-03-11 04:08:01,KEMET,PINC0805X22-46RAC7800,2500,,-,paddleocr,2.36s,"KEMET
PIN C0805X22-46RAC7800
QUANTITY 2500
LOT:68120761
DIC:2562",86b6fd0c1ff3e23663dbf10a53c2b6aadff099d9121c95327fab8ec1bdb5e331,68120761,"KEMET
PIN C0805X22-46RAC7800
QUANTITY 2500
LOT:68120761
DIC:2562",1.0000010732020814e+17,IBD3202081447
2026-03-11 04:12:11,LITTELFUSE,TPSMENCAVR,3000,,2407,paddleocr,2.74s,"LITTELFUSE
PART NUMGER TPSMENCA VR
QTY3000
LOTOODE
1234ACD
DATE CODE 2407",8703483f220827b99b221fa681f0867b29169e7c3aab0e49276cae1f70861112,1234ACD,"LITTELFUSE
PART NUMGER TPSMENCA VR
QTY3000
LOTOODE
1234ACD
DATE CODE 2407",1.0000010732023309e+17,IBD3202330995
2026-03-11 04:12:14,KEMET,C0805X22-46RAC7800,2500,,2562,paddleocr,5.43s,"KEMET
PIN C0805X22-46RAC7800
QUANTITY 2500
LOT:68120761
DIC:2562",86b6fd0c1ff3e23663dbf10a53c2b6aadff099d9121c95327fab8ec1bdb5e331,68120761,"KEMET
PIN C0805X22-46RAC7800
QUANTITY 2500
LOT:68120761
DIC:2562",1.000001073202334e+17,IBD3202334125
2026-03-11 04:12:16,PANJIT,BAV99-AU,3000,,2405,paddleocr,7.83s,"PANJIT
PART NO: BAV99-AU
QTY:3000
LOTNO:6131C7187
DC:2405",6ec54851c6ca86f7a49cf37663dbeef523281c1cbfca50f15c69bb8c97151819,6131C7187,"PANJIT
PART NO: BAV99-AU
QTY:3000
LOTNO:6131C7187
DC:2405",1.0000010732023366e+17,IBD3202336625
2026-03-11 04:12:33,PANJIT,BAV99-AU,3000,,2405,paddleocr,1.83s,"PANJIT
PART NO: BAV99-AU
QTY:3000
LOTNO:6131C7187
DC:2405",6ec54851c6ca86f7a49cf37663dbeef523281c1cbfca50f15c69bb8c97151819,6131C7187,"PANJIT
PART NO: BAV99-AU
QTY:3000
LOTNO:6131C7187
DC:2405",1.0000010732023533e+17,IBD3202353336
2026-03-11 04:16:58,UNKNOWN,-,-,,-,paddleocr,5.50s,-,aafd7e004ca9af94d9cce83c7affac5e7437e1b48fbb6ae21e4df01d7dd700d2,-,-,1.000001073202618e+17,IBD3202618107
2026-03-11 04:17:05,UNKNOWN,-,-,,-,paddleocr,5.76s,-,3a2925206fe44df141a225d64da83adaebb3ce448b00b9242916f8c6b452506e,-,-,1.0000010732026253e+17,IBD3202625347
2026-03-11 04:17:25,KEMET,MBERKEMCOBOSS104KSRA,2500,,2562,tesseract,1.45s,". PARTNUMBERKEMCOBOSS104KSRA
Q_QUANTITY2500 CAPACITOR ROHS-PRC
100UFSOV 108
1T_LOT.254270641
TL
MEMETFOCOGOSSLOSRSMALTBOO KEMET
MILP/N _
- 7 _",2e7362ec3eb0b9272297cabf2721081e2aef412798f0f95a6c8b54dba35fd5d3,254270641,". PARTNUMBERKEMCOBOSS104KSRA
Q_QUANTITY2500 CAPACITOR ROHS-PRC
100UFSOV 108
1T_LOT.254270641
TL
MEMETFOCOGOSSLOSRSMALTBOO KEMET
MILP/N _
- 7 _",1.0000010732026451e+17,IBD3202645273
2026-03-11 04:17:30,UNKNOWN,KEMCOBOSS104KSRA,2500,,-,tesseract,1.70s,"S
P PART NUMBER-KEMCOBOSS104KSRA :
MQ_QUANTITY2500 CAPACITOR ROHS-PRC 4 C
WU 100UFSOV10 :
T OT:25427064 H A
0 800 .
-
P P
- NE
_",7a1a69c12c2d89773a1bec7d23e8ca60fbe40878554192c214e47c7dfd49eaf1,-,"S
P PART NUMBER-KEMCOBOSS104KSRA :
MQ_QUANTITY2500 CAPACITOR ROHS-PRC 4 C
WU 100UFSOV10 :
T OT:25427064 H A
0 800 .
-
P P
- NE
_",1.0000010732026504e+17,IBD3202650427
2026-03-11 04:17:46,UNKNOWN,ERKEMCO80SS104KSRA7,2500,,-,tesseract,1.25s,"1 P_PARTNUMBER:KEMCO80SS104KSRA 7
MULUDTMAMLLCLE :
QQUANTITY2500CAPACITORROHS-PRC
PUNADEEE -C2542-
1T LOT:25427064 PATS REXTCO
MILB WNEOF",8373166ae4616d865f44e1aba42d5ff820d8a42ce16eab59bd33d053e562064f,25427064PATSREXTCO,"1 P_PARTNUMBER:KEMCO80SS104KSRA 7
MULUDTMAMLLCLE :
QQUANTITY2500CAPACITORROHS-PRC
PUNADEEE -C2542-
1T LOT:25427064 PATS REXTCO
MILB WNEOF",1.0000010732026662e+17,IBD3202666261
2026-03-11 04:18:50,UNKNOWN,-,-,,-,paddleocr,5.30s,-,7955072879959a32ce4549e45c2b308bac34924bc1b2a6b9e67538faa7e7a164,-,-,1.0000010732027309e+17,IBD3202730962
2026-03-11 04:19:24,UNKNOWN,-,-,,-,tesseract,1.44s,"ANEMAUE
TA : CAPAG TOR RM PRC
UAAHEINYOMBINN
BB
E",61272c4c9e1bdc8b881a007ca83170a9f1662eb2ff0da24aeb3a89f02df624d4,-,"ANEMAUE
TA : CAPAG TOR RM PRC
UAAHEINYOMBINN
BB
E",1.0000010732027645e+17,IBD3202764354
2026-03-11 04:19:35,KEMET,NP14SKEIVIET,2500,,2562,tesseract,1.48s,".
NUH 2S CAPACITOR ROHS-PRI
1OOUFSOV 10
1TLOT:254270641S W
WANN ARY
: KEMETPON P14S KEIVIET .
MILP 0VAGEO_C
/
E
.",eb050d96d552310fa6917fc6829adef756053b759d9bd8daebaeac2c636809d4,254270641SW,".
NUH 2S CAPACITOR ROHS-PRI
1OOUFSOV 10
1TLOT:254270641S W
WANN ARY
: KEMETPON P14S KEIVIET .
MILP 0VAGEO_C
/
E
.",1.0000010732027754e+17,IBD3202775446
2026-03-11 04:25:28,PANJIT,BAVOO-AUY,3000,,2405,tesseract,1.73s,"PANT
PARTNOBAVOO-AUY
OTERO
LOTHOSISKCTIT
OR7",6ec54851c6ca86f7a49cf37663dbeef523281c1cbfca50f15c69bb8c97151819,SISKCTIT,"PANT
PARTNOBAVOO-AUY
OTERO
LOTHOSISKCTIT
OR7",1.0000010732031286e+17,IBD3203128617
2026-03-11 04:25:37,UNKNOWN,-,-,,-,paddleocr,10.54s,"—
−",6ec54851c6ca86f7a49cf37663dbeef523281c1cbfca50f15c69bb8c97151819,-,"—
−",1.0000010732031376e+17,IBD3203137596
2026-03-11 04:25:39,UNKNOWN,-,-,,-,paddleocr,12.03s,-,86b6fd0c1ff3e23663dbf10a53c2b6aadff099d9121c95327fab8ec1bdb5e331,-,-,1.0000010732031392e+17,IBD3203139196
2026-03-11 04:27:01,PANJIT,QBAVIO-A,3000,,2405,tesseract,1.36s,"PANAT
PARTQBAVIO-A
OTXX0
LOTMOSKC71
OO24",6ec54851c6ca86f7a49cf37663dbeef523281c1cbfca50f15c69bb8c97151819,SKC71,"PANAT
PARTQBAVIO-A
OTXX0
LOTMOSKC71
OO24",1.0000010732032211e+17,IBD3203221187
2026-03-11 04:27:24,UNKNOWN,-,-,,-,paddleocr,24.42s,2,86b6fd0c1ff3e23663dbf10a53c2b6aadff099d9121c95327fab8ec1bdb5e331,-,2,1.000001073203244e+17,IBD3203244078
2026-03-11 04:27:26,UNKNOWN,-,-,,-,paddleocr,26.34s,-,6ec54851c6ca86f7a49cf37663dbeef523281c1cbfca50f15c69bb8c97151819,-,-,1.0000010732032462e+17,IBD3203246285
2026-03-11 04:28:43,UNKNOWN,-,-,,-,paddleocr,22.49s,E,6ec54851c6ca86f7a49cf37663dbeef523281c1cbfca50f15c69bb8c97151819,-,E,1.0000010732033234e+17,IBD3203323478
2026-03-11 04:28:46,UNKNOWN,-,-,,-,paddleocr,25.73s,-,86b6fd0c1ff3e23663dbf10a53c2b6aadff099d9121c95327fab8ec1bdb5e331,-,-,1.0000010732033267e+17,IBD3203326877
2026-03-11 04:31:14,PANJIT,BAV99AU,3000,,2405,tesseract,1.27s,"PANJIT
PARTNO.BAV99-AU
OTY:3000
LOTNO.6131C7187
0C:2405",6ec54851c6ca86f7a49cf37663dbeef523281c1cbfca50f15c69bb8c97151819,6131C7187,"PANJIT
PARTNO.BAV99-AU
OTY:3000
LOTNO.6131C7187
0C:2405",1.0000010732034749e+17,IBD3203474927
2026-03-11 04:31:28,PANJIT,NO.,3000,,2405,paddleocr,14.96s,"PANJIT
PART
NO.
BAV99-AU
CM-YL
QTY:3000
LOTNO:6131C7187
DC:2405",6ec54851c6ca86f7a49cf37663dbeef523281c1cbfca50f15c69bb8c97151819,6131C7187,"PANJIT
PART
NO.
BAV99-AU
CM-YL
QTY:3000
LOTNO:6131C7187
DC:2405",1.0000010732034883e+17,IBD3203488377
2026-03-11 04:31:29,KEMET,C0805X224K5RAC7800,2500,,2552,paddleocr,15.95s,"KEMET
P/N:C0805X224K5RAC7800
QUANTITY: 2500
LOT:68120751
DIC: 2552",86b6fd0c1ff3e23663dbf10a53c2b6aadff099d9121c95327fab8ec1bdb5e331,68120751,"KEMET
P/N:C0805X224K5RAC7800
QUANTITY: 2500
LOT:68120751
DIC: 2552",1.0000010732034894e+17,IBD3203489494
2026-03-11 04:32:34,PANJIT,BAV99AU,3000,,2405,tesseract,1.15s,"PANJIT
PARTNO.BAV99-AU
OTY:3000
LOTNO.6131C7187
0C:2405",6ec54851c6ca86f7a49cf37663dbeef523281c1cbfca50f15c69bb8c97151819,6131C7187,"PANJIT
PARTNO.BAV99-AU
OTY:3000
LOTNO.6131C7187
0C:2405",1.0000010732035544e+17,IBD3203554566
2026-03-11 04:32:40,PANJIT,BAV99-AU,3000,,2405,paddleocr,7.29s,"PANJIT
PART
NO.
BAV99-AU
CM-YL
QTY:3000
LOTNO:6131C7187
DC:2405",6ec54851c6ca86f7a49cf37663dbeef523281c1cbfca50f15c69bb8c97151819,6131C7187,"PANJIT
PART
NO.
BAV99-AU
CM-YL
QTY:3000
LOTNO:6131C7187
DC:2405",1.0000010732035603e+17,IBD3203560571
2026-03-11 04:33:18,PANJIT,BAV99-AU,3000,,2405,paddleocr,6.84s,"PANJIT
PART
NO.
BAV99-AU
CM-YL
QTY:3000
LOTNO:6131C7187
DC:2405",6ec54851c6ca86f7a49cf37663dbeef523281c1cbfca50f15c69bb8c97151819,6131C7187,"PANJIT
PART
NO.
BAV99-AU
CM-YL
QTY:3000
LOTNO:6131C7187
DC:2405",1.0000010732035987e+17,IBD3203598938
2026-03-11 04:43:19,UNKNOWN,-,-,,-,paddleocr,8.60s,-,0062a29234e2996930a27aee9ae8320047c3c00cd680fb9a3a45c7e7a2fc8b5b,-,-,1.0000010732041992e+17,IBD3204199253
2026-03-11 04:43:25,KEMET,UMBERKEMCO805S104KS5RA,2500,,2542,tesseract,1.50s,"P PARTNUMBER:KEMCO805S104KS5RA
UCR 3
QQUANTITY2500CAPACITOR ROHS-PRC J
UR 100UF_SOV_10
DATECODE:2542 :
C1T_LOT:254270641 COFO-MEXICO
NN
KEMET P/NCOB05S104KSRAC7800 KEMET S
. 2 OP. _",875c61b593fe4e42eff98d32b71ac9a5d5f8be301f08dc34343134d8c44c897e,254270641COFO-MEXICO,"P PARTNUMBER:KEMCO805S104KS5RA
UCR 3
QQUANTITY2500CAPACITOR ROHS-PRC J
UR 100UF_SOV_10
DATECODE:2542 :
C1T_LOT:254270641 COFO-MEXICO
NN
KEMET P/NCOB05S104KSRAC7",1.0000010732042051e+17,IBD3204205102
2026-03-11 04:44:29,KEMET,UMBERKEMC08055104K5RA,2500,,2542,google_vision,2.09s,"(P) PART NUMBER: KEMC08055104K5RA
(Q) QUANTITY 2500 CAPACITOR
ROHS-PRC
.100UF 50V 10%
DATE CODE:2542
(IT) LOT:254270641 C OF O MEXICO
SPL486
KEMET P/N C08055104KSRAC7800
MIL P/N
45239701
KEMET
A YAGEO CO
(0)",f1764a4e7beef0424021969dc72ce6b086f8b6259e6aad36461b8bc87177736a,254270641COFOMEXICO,"(P) PART NUMBER: KEMC08055104K5RA
(Q) QUANTITY 2500 CAPACITOR
ROHS-PRC
.100UF 50V 10%
DATE CODE:2542
(IT) LOT:254270641 C OF O MEXICO
SPL486
KEMET P/N C08055104",1.0000010732042691e+17,IBD3204269149
2026-03-11 04:45:57,UNKNOWN,-,2000,,29EP25,google_vision,1.84s,"L
NXP SEMICONDUCTORS
COUNTRY OF DIFFUSION TAISAN
COUNTRY OF ASSEMBLY THAILAND
SEALED DATE 29EP25
(337) PUID: 02NNOPE3BEI5000
(321)ORIG 0890
(311 PMC R-N-P
(31P) MSL
3/240
(17)LOT FFKF80.1
PT 3/260
(90) DATE 2538
(0)QTY 2000
(30P) TYPE PCFB5162T/1
1P CODENO 9352 907 08518",1912d73740bd9fcc4d9cb6e0b9f19f1162e5753c2eba87b81d3ca30f05a190fe,FFKF80,"L
NXP SEMICONDUCTORS
COUNTRY OF DIFFUSION TAISAN
COUNTRY OF ASSEMBLY THAILAND
SEALED DATE 29EP25
(337) PUID: 02NNOPE3BEI5000
(321)ORIG 0890
(311 PMC R-N-P
(31P)",1.0000010732043571e+17,IBD3204357137
2026-03-11 04:46:18,PANJIT,BAV99-AU,3000,,SSV,google_vision,2.64s,"PART NO.: BAV99-AU
MPN: BAV99-AU_R1_000A1
MARKING: JB
CUST P/N SW0000722
PANJIT
LOT NO: 6131C71B7
QTY: 3000
DC
SSV
HF ROMS",b27fde6c475f3e357e5aa2118a5555f5f7e1c30c1de1b3753432b2bdaeb01ea3,6131C71B7,"PART NO.: BAV99-AU
MPN: BAV99-AU_R1_000A1
MARKING: JB
CUST P/N SW0000722
PANJIT
LOT NO: 6131C71B7
QTY: 3000
DC
SSV
HF ROMS",1.0000010732043784e+17,IBD3204378369
2026-03-11 04:46:40,UNKNOWN,-,-,,-,paddleocr,12.03s,-,a365c56bfe30c35546ab214f16eb3af3106947e860c2869b4fe6b83371248617,-,-,1.0000010732044008e+17,IBD3204400756
2026-03-11 04:46:51,UNKNOWN,BAV99-AU_R1_000A.-AW,3000,,-,tesseract,4.38s,"O
N0.BAVSY-A
:
MPN.BAV99-AU_R1_000A .- AW
:TUOT
MARKING:JB E 4
CUSTP/NSWO000072 :
FNL B .
LOTNO:6131C71B7 .
3ST D
PQTY3000
:S .
1
E",3ab107f8db3f2fced6b2fa35679f75784ae7cf5bd8dd126abba4601b9ba6c98d,6131C71B7,"O
N0.BAVSY-A
:
MPN.BAV99-AU_R1_000A .- AW
:TUOT
MARKING:JB E 4
CUSTP/NSWO000072 :
FNL B .
LOTNO:6131C71B7 .
3ST D
PQTY3000
:S .
1
E",1.0000010732044112e+17,IBD3204411369
2026-03-11 04:47:01,UNKNOWN,BAV9GAU,3000,,SB,tesseract,1.20s,"PNBAV9G-AU
1M PANS
MPN:BAV99-AU_R1_000A1
YIMUMUO/08U
MARKINGJB
CUSTP/N:SW0000722 B
TT :
LOTNO:6131C71B7 2
VUNUOMUOOEA GE
QTY:3000 DC SB G
UML :",e3ff902f69a7e4218ece4d3f215c7e863a0cfb5747ed22fc0e4c73bd07c55083,6131C71B72,"PNBAV9G-AU
1M PANS
MPN:BAV99-AU_R1_000A1
YIMUMUO/08U
MARKINGJB
CUSTP/N:SW0000722 B
TT :
LOTNO:6131C71B7 2
VUNUOMUOOEA GE
QTY:3000 DC SB G
UML :",1.000001073204421e+17,IBD3204421031
2026-03-11 04:47:14,UNKNOWN,BAV99AU,3000,,-,tesseract,1.68s,"PN.BAV99-AU
10H PANS
MPN:BAV99-AU_R1_000A1
YMMNODR00D
MARKINGJB H
CUSTPIN.SW0000722
TT
LOTNO:6131C7187 :
TTC
QTY:3000 0C B G
PUAN 9",6edae7f80190b0709fbfa82efa353f86b1ad46c9e78ad1dceb8c7e5ab147a9ff,6131C7187,"PN.BAV99-AU
10H PANS
MPN:BAV99-AU_R1_000A1
YMMNODR00D
MARKINGJB H
CUSTPIN.SW0000722
TT
LOTNO:6131C7187 :
TTC
QTY:3000 0C B G
PUAN 9",1.000001073204434e+17,IBD3204434046
2026-03-11 04:47:53,UNKNOWN,-,-,,-,paddleocr,7.14s,-,5f161a64b080fd36755fcce27b95d3c6e2d49ee23f14aefcfd4b53f1657945d8,-,-,1.0000010732044733e+17,IBD3204473354
2026-03-11 04:48:22,UNKNOWN,-,-,,-,paddleocr,14.90s,-,a7ee90fc5a176cf82bd6928436d9600aa1135a9556e8bfc84a634a0db28ce591,-,-,1.0000010732045024e+17,IBD3204502586
2026-03-11 04:48:44,PANJIT,BAV70W-AU,3000,,QTY,paddleocr,11.25s,"PART
NO
BAV70W-AU
PANUIT
MPN
BAV70W AU
R1
000A
MARKING
JA
CUSTPIN
SW0006259
PAS
LOT NO
5N18A70P7
124735
3000
DC
QTY
HFROHS
I",31a5d01860fa5a8609d31794b62958d027abdd77d47576ea94c48d365577f39f,5N18A70P7,"PART
NO
BAV70W-AU
PANUIT
MPN
BAV70W AU
R1
000A
MARKING
JA
CUSTPIN
SW0006259
PAS
LOT NO
5N18A70P7
124735
3000
DC
QTY
HFROHS
I",1.0000010732045246e+17,IBD3204524600
2026-03-11 05:03:29,UNKNOWN,-,-,,-,paddleocr,0.32s,-,86b6fd0c1ff3e23663dbf10a53c2b6aadff099d9121c95327fab8ec1bdb5e331,-,-,1.0000010732054098e+17,IBD3205409860
2026-03-11 05:03:30,UNKNOWN,-,-,,-,tesseract,1.45s,LOT NO.6131C7187,6ec54851c6ca86f7a49cf37663dbeef523281c1cbfca50f15c69bb8c97151819,6131C7187,-,1.0000010732054104e+17,IBD3205410520
2026-03-11 05:06:07,UNKNOWN,-,-,,-,tesseract,0.71s,LOT NO.6131C7187,6ec54851c6ca86f7a49cf37663dbeef523281c1cbfca50f15c69bb8c97151819,6131C7187,-,1.0000010732055677e+17,IBD3205567688
2026-03-11 05:06:07,UNKNOWN,-,-,,-,paddleocr,0.73s,-,86b6fd0c1ff3e23663dbf10a53c2b6aadff099d9121c95327fab8ec1bdb5e331,-,-,1.0000010732055678e+17,IBD3205567856
2026-03-11 05:06:41,UNKNOWN,-,-,,-,paddleocr,1.27s,-,86b6fd0c1ff3e23663dbf10a53c2b6aadff099d9121c95327fab8ec1bdb5e331,-,-,1.000001073205601e+17,IBD3205601015
2026-03-11 05:06:41,PANJIT,BAV70W-AU,3000,,QTY,tesseract,1.72s,"PANJIT
QTY.3000
LOT NO.6131C7187
0.2405",6ec54851c6ca86f7a49cf37663dbeef523281c1cbfca50f15c69bb8c97151819,6131C7187,-,1.0000010732056013e+17,IBD3205601302
2026-03-11 05:07:46,PANJIT,BAV70W-AU,3000,,QTY,tesseract,1.43s,"PANJIT
QTY.3000
LOT NO.6131C7187
0.2405",6ec54851c6ca86f7a49cf37663dbeef523281c1cbfca50f15c69bb8c97151819,6131C7187,-,1.000001073205666e+17,IBD3205666057
2026-03-11 05:09:17,PANJIT,BAV70W-AU,3000,,2405,tesseract,1.45s,"PANJIT
QTY.3000
LOT NO.6131C7187
0.2405",6ec54851c6ca86f7a49cf37663dbeef523281c1cbfca50f15c69bb8c97151819,6131C7187,-,1.0000010732057576e+17,IBD3205757678
2026-03-11 05:09:48,UNKNOWN,-,-,,-,paddleocr,1.67s,-,86b6fd0c1ff3e23663dbf10a53c2b6aadff099d9121c95327fab8ec1bdb5e331,-,-,1.0000010732057885e+17,IBD3205788554
2026-03-11 05:10:42,PANJIT,BAV70W-AU,3000,,2405,tesseract,1.47s,"PANJIT
QTY.3000
LOT NO.6131C7187
0.2405",6ec54851c6ca86f7a49cf37663dbeef523281c1cbfca50f15c69bb8c97151819,6131C7187,-,1.0000010732058429e+17,IBD3205842985
2026-03-11 05:10:44,KEMET,CO805X224SRAC7800,2500,,2562,paddleocr,3.18s,"KEMET
PIN CO805X224SRAC7800
QUANTITY 2500
LOT:68120761
DC:2562",86b6fd0c1ff3e23663dbf10a53c2b6aadff099d9121c95327fab8ec1bdb5e331,68120761,-,1.0000010732058448e+17,IBD3205844829
2026-03-11 05:54:40,KEMET,C0805X224SRAC7800,2500,,2562,paddleocr,17.80s,"CO8
KEMET P/N
MIL P/N
N",2883a85c1cbf82415c069d874c4af770eebbc53abfe09a957536b8e2f831196c,68120761,-,1.0000010732084803e+17,IBD3208480531
2026-03-11 05:55:04,KEMET,RKEMCOBOSS104KSRA,2500,,2562,tesseract,2.46s,"P PART_NUMBER:KEMCOBOSS104KSRA
PULMONAR
Q_QUANTITY2S500CAPACITOR ROHS-PRC
LOOUF_SOV108
MTLOT:254270641 CORONC.
PT
COBOSS104KSRAC7BOO KEMET :
_.",77b571721865d68256cd22af354be5a49577c4221be698ca6d489e1a956e0c65,254270641,-,1.0000010732085048e+17,IBD3208504707
2026-03-11 05:55:11,KEMET,COBOSS104KSRAC7800,2500,,2562,tesseract,2.66s,"I PART NN
QQUANTITY2500_CAPACITOR ROHS-PRC
100UFSOV 10 :
BATE CODE255 :
1T_LOT:254270641 OFOMEX :
: 45239701
KEMETP/NCOBOSS104KSRAC7800 KEMET
MII P/N VAGEO
SS",52fb569b3ac3f4362944301007c99287fb476892e31f5fae987d4ad809a27e8e,254270641,-,1.000001073208512e+17,IBD3208511901
2026-03-11 05:55:33,KEMET,OBOSS104KSRAC7B800,2500,,2562,tesseract,8.10s,"B
2
QUUNEMOUUMAANLLMAK
Q_QUANTITY2500 CAPACITOR ROHS-PRC
ME 1LOOUF S0V _10
-T50 OG.
KP/8 COBOSS104KSRAC7800 KEMET :
. MR
S-_
AW
1TLOT M C
EMETP/NCOBOSS104KSRAC7B800
MILP/N
A
F4",621e00b941dbb4db265f6ef7449f2748c3d473d6a038810da2216cbfae7895df,254270641,-,1.0000010732085331e+17,IBD3208533290
2026-03-11 05:56:02,UNKNOWN,BAV99AU,-,,-,tesseract,1.31s,"PNBAV99-AU
0H PANE
MPN_BAV99-AU_R1_O00A1
LL
MARKINGJ8
CUSTP/N_SW0000722
TL
LOTNO6131C71B7
CG -
QTY._3000 0 BS
UT",d4ed03422fcfe1913332f878573f44d37f907f80c668aef3179f0c85d559df0e,6131C71B7,-,1.0000010732085624e+17,IBD3208562328
2026-03-11 05:56:20,UNKNOWN,BAV99AU,-,,-,tesseract,1.32s,"PN_BAV99-AU
4 PANS
AV99-AU_R1_OOOA
WW
MARKING
CUSTPNSWO000T22
HM:48
LOTNO6131C7187 .
TL CG -
QTY_3000 W E
UT SS
E__SSS",20c705c9ed50108151bd9c21d4834022c556734ae7827706685c9921bf554e51,6131C7187,-,1.0000010732085808e+17,IBD3208580825
2026-03-11 05:56:27,UNKNOWN,BAV99-AU,-,,-,tesseract,4.64s,"S
- BRE
- ..
TT PANAMA 5
MPN:BAV99-AU_R1_O00A1
HNDE
MARKINGJB B
M 7
LOT NO:6131C71B7
0 C
S _
PANSY
.000A1
B
E
5",1fbd894ae11c1fd5b1983766ba854ada04a188ab53862d359ef2ba789adb81da,6131C71B7,-,1.000001073208588e+17,IBD3208587976
2026-03-11 05:56:35,UNKNOWN,0BAV99AU,-,,-,tesseract,2.37s,"PN0_BAV99.AU
14 PANSIG
MPNBAV99-AU_R1_O00A
10D
MARKINGJ8 -
CUSTPIN.SW000T22
TT
LOTNO613107187
TLL
TL:
PAM",2b6017e04433a8a7074da3018a919fa2bf399979ac356659e274bab7689b415d,613107187,-,1.0000010732085954e+17,IBD3208595462
2026-03-11 05:56:47,UNKNOWN,-,-,,-,paddleocr,5.50s,-,89547f70c4cb54d390b15684039652646d22a9e159b06ea42f63fb2f0b17e72e,-,-,1.0000010732086078e+17,IBD3208607855
2026-03-11 06:52:09,KEMET,KEMC0805S104K5RA,2500,,2542,paddleocr,9.29s,"(P) PART NUMBER:KEMCO805S104K5RA
ROHS-PRC
CAPACITOR
(Q) QUANTITY 2500
10%
.100UF 50V
DATE CODE:2542
C OF O MEXICO
(1T) L0T:254270641
50L486
45239701
KEMET
KEMET P/N CO80SS104K5RAC7800
MIL P/N
0 VAGEO CAMP",06fdef9bdf6a90df1874152d88d5a5984929ea0381e5c447b81a478cc767f659,254270641,"(P) PART NUMBER:KEMCO805S104K5RA
ROHS-PRC
CAPACITOR
(Q) QUANTITY 2500
10%
.100UF 50V
DATE CODE:2542
C OF O MEXICO
(1T) L0T:254270641
50L486
45239701
KEMET
KEMET",1.000001073211929e+17,IBD3211929088
2026-03-11 06:52:23,UNKNOWN,-,-,,-,tesseract,3.50s,"-
1 / T_LOT:2542701 411 - 7
J
/ : TF 4
: 3WVESI
. F4
_
4",f18b9c879d14dce74d1d408a3c2a75ab293975e1beafd6956b2f65cd91384a43,2542701,"-
1 / T_LOT:2542701 411 - 7
J
/ : TF 4
: 3WVESI
. F4
_
4",1.0000010732119437e+17,IBD3211943587
2026-03-11 06:52:53,KEMET,EMC08055104K5RA,2500,,2542,google_vision,7.35s,"ART NUMBER KEMC08055104K5RA
ROHS-PRC
10%
(Q) QUANTITY 2500 CAPACITOR
.100UF 50V
DATE CODE :2542
(IT) LOT:254270641 C OF O MEXICO
KEMET P/N CO8055104KSRAC7800
MIL P/N
SPL486
45239701
KEMET
VAGEO
(0)",93baa076ba8cb36eaf7dc6342b4209959d52794d7b3627228bc64218deea2363,254270641,"ART NUMBER KEMC08055104K5RA
ROHS-PRC
10%
(Q) QUANTITY 2500 CAPACITOR
.100UF 50V
DATE CODE :2542
(IT) LOT:254270641 C OF O MEXICO
KEMET P/N CO8055104KSRAC7800
MI",1.0000010732119736e+17,IBD3211973517
2026-03-11 06:53:15,KEMET,KEMC08055104K5RA,2500,,2542,google_vision,2.11s,"PART NUMBER:KEMC08055104K5RA
(Q) QUANTITY 2500
CAPACITOR
.100UF 50V
ROHS-PRC
10%
DATE CODE 2542
(IT) LOT:254270641 C OF O MEXICO
KEMET P/N C08055104KSRAC7800
MIL P/N
SPL486
<-45239701
KEMET
VAGEO COMPONY",705cfad1921ce7bad988465abf5e26dc70cc12593b67a89057e8288c7908df30,254270641,"PART NUMBER:KEMC08055104K5RA
(Q) QUANTITY 2500
CAPACITOR
.100UF 50V
ROHS-PRC
10%
DATE CODE 2542
(IT) LOT:254270641 C OF O MEXICO
KEMET P/N C08055104KSRAC7800
MI",1.000001073211995e+17,IBD3211995032
2026-03-11 06:54:36,PANJIT,BAV99-AU,3000,,2405,google_vision,2.35s,"PART NO BAV99-AU
MPN BAV99-AU_R1_000A1
MARKING JB
CUST PIN SWO000722
LOT NO 6131C7187
QTY 3000
PANJIT
DC
OF ROND",4802b8ad5d4282b9eae79ad737e4836ef02af10ce50dd9b5f98cae2f2309cf31,6131C7187,"PART NO BAV99-AU
MPN BAV99-AU_R1_000A1
MARKING JB
CUST PIN SWO000722
LOT NO 6131C7187
QTY 3000
PANJIT
DC
OF ROND",1.0000010732120768e+17,IBD3212076847
2026-03-11 06:54:51,UNKNOWN,-,-,,-,tesseract,2.53s,"M . _
3WV
B A
. #
I",304b3b7338eae6149b2ccbc6fa41276e89b0f6cc9e99dfd5ec12cb7625acdd6c,-,"M . _
3WV
B A
. #
I",1.0000010732120912e+17,IBD3212091229
2026-03-11 06:55:27,PANJIT,AV99AU,3000,,2405,paddleocr,18.92s,"ART NO BAV99-AU
PANUIT
MPN BAV99-AU_R1_000A1
2
MARKING JB
S
CUST P/N SW0000722
E
LOT NO 6131C71B7
I
W2
QTY 3000
DC
SVA
PANJIT
ENT
IE
SVCC",01fb5522350d9510760ca5fcc92a9f7e9afced04dd72ad636d9a6baad66f08fb,6131C71B7,"ART NO BAV99-AU
PANUIT
MPN BAV99-AU_R1_000A1
2
MARKING JB
S
CUST P/N SW0000722
E
LOT NO 6131C71B7
I
W2
QTY 3000
DC
SVA
PANJIT
ENT
IE
SVCC",1.0000010732121274e+17,IBD3212127458
2026-03-11 06:55:41,PANJIT,BAV99-AU,3000,,2405,paddleocr,6.50s,"PART NO
BAV99-AU
IHARTED
PANJIT
MPN. BAV99-AU_R1_000A1
TNEE
MARKING JB
CUST PIN
SW0000722
-
IAREP
LOT NO
6131C7187
QTY
3000
DC
P ROM
HMI",bb7e1f4b98cf1bfe7d78059cd65a6a18fc0bf3d42bf136b4e25b795c0c6871b3,6131C7187,"PART NO
BAV99-AU
IHARTED
PANJIT
MPN. BAV99-AU_R1_000A1
TNEE
MARKING JB
CUST PIN
SW0000722
-
IAREP
LOT NO
6131C7187
QTY
3000
DC
P ROM
HMI",1.000001073212142e+17,IBD3212141913
2026-03-11 06:55:48,PANJIT,BAV99-AU,3000,,2405,paddleocr,24.52s,"NO BAV99-AU
PANJIT
UPN BAV99-AU_R1_000A
ITL
MARKING JB
CUST PIN SW0000722
1OE
LOT NO 6131C71B7
S
IIIIN
QTY3000
DC
TM
AT
1
7
I
MARKING
JB
CUSTPIN
SW0000722
1OMEW
LOT
NO
6131C71B7
UI",10db9515d197f50f637488d5a99263fbd8dc575a77b44283c5d256d3e6463ece,6131C71B7,"NO BAV99-AU
PANJIT
UPN BAV99-AU_R1_000A
ITL
MARKING JB
CUST PIN SW0000722
1OE
LOT NO 6131C71B7
S
IIIIN
QTY3000
DC
TM
AT
1
7
I
MARKING
JB
CUSTPIN
SW0000722
1OMEW",1.0000010732121485e+17,IBD3212148457
2026-03-11 09:43:37,UNKNOWN,-,-,,-,paddleocr,0.98s,-,12bb69d98240038277b83bd7d1ec8f8b289725dc79af7b420644ce3412f9124a,-,-,1.0000010732222176e+17,IBD3222217531
2026-03-11 09:43:53,UNKNOWN,-,-,,-,tesseract,8.08s,-,1e205f60c38bc63228fb326fefb91ca528094998702f13cd463caecbbbfe4202,-,-,1.0000010732222336e+17,IBD3222233650
2026-03-11 09:44:02,UNKNOWN,-,-,,-,paddleocr,0.33s,-,5c3430748f16bce52d4391eaa86d485f684d8bd07de3701d839b602004bb42cd,-,-,1.0000010732222422e+17,IBD3222242283
2026-03-11 09:44:16,UNKNOWN,-,-,,-,google_vision,0.70s,-,ac0eaf7403c9dfc03a5f62b1c043aaad026848e01d1853c70cb562ec8e726cc1,-,-,1.0000010732222568e+17,IBD3222256851
2026-03-11 09:44:24,UNKNOWN,-,-,,-,google_vision,0.64s,-,ce201b131912d161eb9653bd7769018007243dc703cd202077c60f8d6820c0cb,-,-,1.0000010732222643e+17,IBD3222264381
2026-03-11 10:31:37,UNKNOWN,-,-,,-,google_vision,0.52s,-,f172ac455236421ae8ecb101be9dd2baae49b2020d7684532dc809abf7d2f21b,-,-,1.000001073225098e+17,IBD3225097905
2026-03-11 10:39:31,UNKNOWN,-,-,,-,paddleocr,0.68s,-,dcf694fecf8fed03adb18509e3bff3bb6270161ad7ee37521a9630e0305e0a49,-,-,1.0000010732255714e+17,IBD3225571446
2026-03-11 10:39:52,UNKNOWN,-,-,,-,google_vision,0.56s,-,29801befadfcf7f1c951e89603ac9344059472a84fea9791e7bfee4f72a7b389,-,-,1.0000010732255923e+17,IBD3225592461
2026-03-11 10:40:22,UNKNOWN,-,2,,-,tesseract,2.01s,"UHUADAN
Q 2 CAPACITOR
OE
C1TLOT254270641OF0MEXICO
INN",71172d474b8f3445a865655f55948ab3197331c8961b4be560536429a418470b,-,"UHUADAN
Q 2 CAPACITOR
OE
C1TLOT254270641OF0MEXICO
INN",1.0000010732256224e+17,IBD3225622347
2026-03-11 11:17:27,UNKNOWN,-,-,,-,google_vision,0.73s,-,64c1f6c92149de43c8ec189bba1202b98b4de598e3dd5b7bdf3b5c228e0465d5,-,-,1.0000010732278477e+17,IBD3227847602
2026-03-11 11:18:31,UNKNOWN,-,-,,-,paddleocr,0.59s,-,339c382b44e654353fbe1b80bd822e83b509f31509cf8d985a9cb0e8517710fd,-,-,1.0000010732279117e+17,IBD3227911608
2026-03-11 11:18:42,UNKNOWN,-,-,,2542,tesseract,3.02s,"PARTNUMBERKEMCO8055104K5RA

1 2500
AOOUFS0V
DATE CODF 2542
COFO

IM 2 T T MT
VT

METPYN TONE
MTL PN",0ea7ba289efe0fcaee4f98ceb1b49f545bb497cb7e8338e583655d0edf11d81b,-,"PARTNUMBERKEMCO8055104K5RA
1 2500
AOOUFS0V
DATE CODF 2542
COFO
IM 2 T T MT
VT
METPYN TONE
MTL PN",1.000001073227922e+17,IBD3227922079
2026-03-11 11:18:49,UNKNOWN,-,-,,-,tesseract,2.27s,"ARTNUMBERKEMCO805S104KSRA

P

CQQUANTITY2500

PACITOR
A A CODE2542

WL S104KSRAC7800

LOT254270641
NE
I",0c2d65739063bff9894366663241c4aa31023d320ecdca7f431a41bd28b11845,-,"ARTNUMBERKEMCO805S104KSRA
P
CQQUANTITY2500
PACITOR
A A CODE2542
WL S104KSRAC7800
LOT254270641
NE
I",1.00000107322793e+17,IBD3227929992
2026-03-11 12:03:33,UNKNOWN,-,-,,-,paddleocr,0.48s,-,d94e770b7279836b9a819c53057cd21103aef8f10ab7649687e138a9ea896659,-,-,1.0000010732306131e+17,IBD3230613378
2026-03-11 12:03:43,UNKNOWN,-,-,,-,google_vision,1.32s,-,1a1eccc8d275bb39494de962c3b6e9b9fe1d15a7b54cb5a91e89091bcaf407ff,-,-,1.0000010732306237e+17,IBD3230623563
2026-03-11 12:03:47,UNKNOWN,-,-,,-,google_vision,2.02s,-,8fdd422021bf7f82551fe38065a7824b41770b827f03ed3784574385ddecb63e,-,-,1.0000010732306274e+17,IBD3230627432
2026-03-11 12:03:52,KEMET,COBOSS104KSRAC7800,-,,2542,tesseract,2.55s,"ROHS-PRC
10

ACI
TOOUF SOV

DATE SRE 2542
COFO

-I

METPNCOBOSS104KSRAC7800

EMET",221b2f876214c5cc45afd4af9fd8801a0eb661ac4c3ed72ed630003d1827175b,-,"ROHS-PRC
10
ACI
TOOUF SOV
DATE SRE 2542
COFO
-I
METPNCOBOSS104KSRAC7800
EMET",1.0000010732306322e+17,IBD3230632271
2026-03-11 12:04:25,UNKNOWN,-,-,,-,google_vision,0.83s,-,855f5f0b3675bb28b8b0233a3ab7be463bf2577e212602f022bcc05f560b1b17,-,-,1.0000010732306656e+17,IBD3230665681
2026-03-11 12:04:36,UNKNOWN,-,-,,-,paddleocr,4.10s,-,e903428b34a23f63240a0aa7ad428065360f1fe9ff3aab82a2df66edbc02546c,-,-,1.000001073230676e+17,IBD3230676049
2026-03-11 12:05:19,UNKNOWN,BAV99AU,-,,-,tesseract,5.26s,"PNBAV99-AU

MPNBAVG9-AUR1OO0AS

MARKINGJ8
CUSTPINSWO00OT22
TBE 2

LOTNO6131C71B7

TL -",02b624fdc9f7cc59b613e8b6ab3999cab06b8a2d2d90242f1092dfaa788c2843,6131C71B7,"PNBAV99-AU
MPNBAVG9-AUR1OO0AS
MARKINGJ8
CUSTPINSWO00OT22
TBE 2
LOTNO6131C71B7
TL -",1.0000010732307197e+17,IBD3230719544
2026-03-11 12:05:27,UNKNOWN,BAV99AU,-,,-,tesseract,3.92s,"PNBAV99-AU
MPN HM AUR1O00A1

OT M T

LOTNO6131C71B87
0 5
MY",9e2d80687c2b1a5b9fad525adb808d7acb598ba7d3d3d011f6052213e2e9836b,6131C71B87,"PNBAV99-AU
MPN HM AUR1000A1
OT M T
LOTNO6131C71B87
0 5
MY",1.000001073230727e+17,IBD3230727055
2026-03-11 12:05:51,UNKNOWN,-,-,,-,google_vision,0.60s,-,a29ffa9462980e423026d69aa0f3805005db10e303b02a58412eaf2566dd7bef,-,-,1.000001073230752e+17,IBD3230751911
2026-03-11 12:05:54,UNKNOWN,-,-,,-,google_vision,0.80s,-,f8602e05ec5edc3720258d88e7ad1f7ec8a386e0a29c9acc17fd562027465795,-,-,1.0000010732307544e+17,IBD3230754354
2026-03-11 12:16:03,UNKNOWN,-,-,,-,google_vision,0.23s,-,0de7c0a263e01bf3f226ea7fa0b9176e2b4d472660f474fe7e00b255efb54651,-,-,1.0000010732313634e+17,IBD3231363452
2026-03-11 12:16:09,UNKNOWN,BAV99AU,-,,-,tesseract,1.55s,"PN-BAV99-AU

MPNBAV99-AUR1O00A1

613107187
EME
MN S",c478b36d40f9b8125e9b181eb6d22086d51672ab1e53c4431fbb30215f4c1501,-,"PN-BAV99-AU
MPNBAV99-AUR1000A1
613107187
EME
MN S",1.0000010732313698e+17,IBD3231369896
2026-03-11 12:16:14,UNKNOWN,BAV99AU,-,,-,tesseract,1.45s,"PNBAV99-AU

PANE
V HNH R1OO0A1

L

CUSTPNS0000722
T

LOTNO6131C71B7

ET
TLL",57f7ad6e23a496d515fe93926365882f1dabfe1b5625d57c7b3f65b594a70401,6131C71B7,"PNBAV99-AU
PANE
V HNH R1OO0A1
L
CUSTPNS0000722
T
LOTNO6131C71B7
ET
TLL",1.000001073231374e+17,IBD3231374065
2026-03-11 12:16:30,UNKNOWN,-,-,,-,tesseract,5.83s,-,5f6ac61121292dd135999e01b6249c385e71b2517941a58083a3c1fa43cd1922,-,-,1.0000010732313904e+17,IBD3231390401
2026-03-11 12:16:37,UNKNOWN,-,-,,-,tesseract,5.15s,-,02a9f7b9d6ee622cc0e90ad2b57ea274fdd921fdec53b6b832c6fd45c751d16a,-,-,1.0000010732313976e+17,IBD3231397509
2026-03-11 12:19:13,UNKNOWN,-,-,,-,paddleocr,1.72s,-,5f580de41c070c5809f4924b41e1d3c386305dce59ccf4061e6a88003adf1b47,-,-,1.0000010732315534e+17,IBD3231553469
2026-03-11 12:19:18,UNKNOWN,-,-,,-,tesseract,6.27s,-,5f580de41c070c5809f4924b41e1d3c386305dce59ccf4061e6a88003adf1b47,-,-,1.0000010732315584e+17,IBD3231558351
2026-03-11 12:19:34,UNKNOWN,-,-,,-,google_vision,0.22s,-,86b6fd0c1ff3e23663dbf10a53c2b6aadff099d9121c95327fab8ec1bdb5e331,-,-,1.0000010732315744e+17,IBD3231574448
2026-03-11 12:19:34,UNKNOWN,-,-,,-,paddleocr,0.51s,-,86b6fd0c1ff3e23663dbf10a53c2b6aadff099d9121c95327fab8ec1bdb5e331,-,-,1.0000010732315747e+17,IBD3231574817
2026-03-11 12:19:36,UNKNOWN,-,-,,-,tesseract,2.05s,-2,86b6fd0c1ff3e23663dbf10a53c2b6aadff099d9121c95327fab8ec1bdb5e331,-,-2,1.000001073231576e+17,IBD3231576180
2026-03-11 12:21:49,UNKNOWN,BAVSOA,-,,002405,tesseract,2.70s,"PARTNOBAVSO-A

T3000

LTN7167

002405",6ec54851c6ca86f7a49cf37663dbeef523281c1cbfca50f15c69bb8c97151819,-,"PARTNOBAVSO-A
T3000
LTN7167
002405",1.0000010732317091e+17,IBD3231709343
2026-03-11 12:21:50,UNKNOWN,-,-,,-,tesseract,2.41s,"PND4123

T0

L0TO234

0",223b02c947483d3fca8e5411a272ae9be29dc3e4cc9060482bcfde3a6f25c848,-,"PND4123
T0
L0TO234
0",1.00000107323171e+17,IBD3231710028
2026-03-11 12:21:51,UNKNOWN,-,-,,-,tesseract,3.37s,-,8703483f220827b99b221fa681f0867b29169e7c3aab0e49276cae1f70861112,-,-,1.000001073231711e+17,IBD3231711083
2026-03-11 12:27:56,KEMET,C0805X224K5RAC7800,2500,,2552,google_vision,0.60s,"KEMET
P/N: C0805X224K5RAC7800
QUANTITY: 2500
LOT:68120751
DIC: 2552",86b6fd0c1ff3e23663dbf10a53c2b6aadff099d9121c95327fab8ec1bdb5e331,68120751,"KEMET
P/N: C0805X224K5RAC7800
QUANTITY: 2500
LOT:68120751
DC: 2552",1.0000010732320765e+17,IBD3232076371
2026-03-11 12:27:58,KEMET,C0805X224KSRAC7800,2500,,2552,paddleocr,3.01s,"KEMET
P/N: C0805X224KSRAC7800
QUANTITY: 2500
LOT:68120751
DC: 2552",86b6fd0c1ff3e23663dbf10a53c2b6aadff099d9121c95327fab8ec1bdb5e331,68120751,"KEMET
P/N: C0805X224KSRAC7800
QUANTITY: 2500
LOT:68120751
DC: 2552",1.0000010732320784e+17,IBD3232078541
2026-03-11 12:28:01,KEMET,C0805X224KSRAC7800,2500,,2552,paddleocr,5.76s,"KEMET
P/N: C0805X224KSRAC7800
QUANTITY: 2500
LOT:68120751
DIC: 2552",745a647fc20b169fabf4bd0563bfc042b059a5afc43c3a64a5f4b0cae980c9dd,68120751,"KEMET
P/N: C0805X224KSRAC7800
QUANTITY: 2500
LOT:68120751
DC: 2552",1.0000010732320814e+17,IBD3232081446
2026-03-11 12:28:28,KEMET,C0805X224K5RAC7800,2500,,2552,google_vision,0.87s,"KEMET
P/N: C0805X224K5RAC7800
QUANTITY: 2500
LOT:68120751
DIC: 2552",745a647fc20b169fabf4bd0563bfc042b059a5afc43c3a64a5f4b0cae980c9dd,68120751,"KEMET
P/N: C0805X224K5RAC7800
QUANTITY: 2500
LOT:68120751
DC: 2552",1.0000010732321085e+17,IBD3232108569
2026-03-11 12:29:55,KEMET,C0805X224KSRAC7800,2500,,2552,paddleocr,2.50s,"KEMET
P/N: C0805X224KSRAC7800
QUANTITY: 2500
LOT:68120751
DC: 2552",86b6fd0c1ff3e23663dbf10a53c2b6aadff099d9121c95327fab8ec1bdb5e331,68120751,"KEMET
P/N: C0805X224KSRAC7800
QUANTITY: 2500
LOT:68120751
DC: 2552",1.0000010732321952e+17,IBD3232195274
2026-03-11 12:30:11,KEMET,C0805X224KSRAC7800,2500,,2552,paddleocr,2.38s,"KEMET
P/N: C0805X224KSRAC7800
QUANTITY: 2500
LOT:68120751
DIC: 2552",745a647fc20b169fabf4bd0563bfc042b059a5afc43c3a64a5f4b0cae980c9dd,68120751,"KEMET
P/N: C0805X224KSRAC7800
QUANTITY: 2500
LOT:68120751
DC: 2552",1.000001073232211e+17,IBD3232211086
2026-03-11 12:30:12,KEMET,C0805X224K5RAC7800,2500,,2552,google_vision,0.80s,"KEMET
P/N: C0805X224K5RAC7800
QUANTITY: 2500
LOT:68120751
DIC: 2552",2075f448dbb7d88b1c7baeb857824773ad5e69e2860506c475f01a9b1711f629,68120751,"KEMET
P/N: C0805X224K5RAC7800
QUANTITY: 2500
LOT:68120751
DC: 2552",1.000001073232212e+17,IBD3232212107
2026-03-11 12:43:37,KEMET,NUMBERKEMC0805S104K5RA,2500,,2542,paddleocr,6.44s,"P
PART
NUMBER:KEMCO805S104K5RA
(Q)
QUANTITY2500
CAPACITOR
ROHS-PRC
.100UF
50V
10%
DATE
CODE:2542
(1T) L0T:254270641
COFO
MEXICO
SPL486
*45239701
KEMET P/N
CO805S104K5RAC7800
KEMET
MIL
P/N
aVAGEO c
(0)",a901e7ac2944dd0f6453597bb55a40d8232ee87fc0ced56889414c4a03e9963b,-,"P
PART
NUMBER:KEMCO805S104K5RA
(Q)
QUANTITY2500
CAPACITOR
ROHS-PRC
.100UF
50V
10%
DATE
CODE:2542
(1T) L0T:254270641
COFO
MEXICO
SPL486
*45239701
KEMET P/N
CO805",1.000001073233017e+17,IBD3233017053
2026-03-11 12:43:53,KEMET,KEMC0805S104K5RA,2500,,2542,google_vision,1.61s,"(P) PART NUMBER: KEMC0805S104K5RA
(Q) QUANTITY 2500 CAPACITOR
.100UF 50V
DATE CODE 2542
(IT) LOT:254270641 C OF O MEXICO
KEMET P/N C08055104KSRAC7800
MIL P/N
ROHS-PRC
10%
SPL486
45239701
KEMET
a YAGEO company",1cf78bf5a397c34bb56f664cceb40db7de7563792eda922c312e0227160313b7,254270641,"(P) PART NUMBER: KEMC0805S104K5RA
(Q) QUANTITY 2500 CAPACITOR
.100UF 50V
DATE CODE 2542
(IT) LOT:254270641 C OF O MEXICO
KEMET P/N C08055104KSRAC7800
MIL P/N
RO",1.0000010732330336e+17,IBD3233033636
2026-03-11 12:44:11,KEMET,KEMC0805S104KSRA,2,,-,tesseract,6.94s,"PARTNUMBERKEMCO805S104KSRA
QQUANTITY2S500CAPACITORROHS-PRC
MEET DATECODE2S42
LOT-254270641F
PT
KEMETPNCOBOSS104KSRAC7800
MILPN",0d17f1de32deedada3ad1b980c4937fcf0bffc6d9671955f7aa9a4ea6da6e796,254270641F,"PARTNUMBERKEMCO805S104KSRA
QQUANTITY2S500CAPACITORROHS-PRC
MEET DATECODE2S42
LOT-254270641F
PT
KEMETPNCOBOSS104KSRAC7800
MILPN",1.000001073233052e+17,IBD3233051979
2026-03-11 12:44:30,UNKNOWN,-,-,,080,tesseract,11.85s,"CAPACITOR
DE2542
TLOT254270641 COF-0-MEXICO
NUR
080 S104KSRAC7B00
LL
00 R PRC",edf988b9c972e3f28c6fdaf1a8cd1ca2aefefb0e8c039aa07a08f22a5e60c2c5,254270641,"CAPACITOR
DE2542
TLOT254270641 COF-0-MEXICO
NUR
080 S104KSRAC7B00
LL
00 R PRC",1.0000010732330704e+17,IBD3233070551
2026-03-11 12:44:48,UNKNOWN,BAY99-A,-,,99,tesseract,8.56s,"PN

PN BAY 99-A

A WME N

- B
HI CT G
M",3895119fb6483623fff506b6fef0169c8278b81a15b48f0c3bc5de3e737da578,-,"PN
PN BAY 99-A
A WME N
- B
HI CT G
M",1.000001073233088e+17,IBD3233088033
2026-03-11 12:45:05,PANJIT,BAV99-AU,3000,,11,paddleocr,3.90s,"Part No
BAV99-AU
PANJIT
MPN: BAV99-AU_R1_000A1
MARKING
JB
CUST PIN
SW0000722
LOTNO
6131C7187
1I
120
QTY.
3000
DC
EaT
QHF ReHS",e38aa5e4fb42412af50a61fdae108e7af42dd435ba003260f0dd15056e3c8714,6131C7187,"PART NO
BAV99-AU
PANJIT
MPN: BAV99-AU_R1_000A1
MARKING
JB
CUST PIN
SW0000722
LOT NO
6131C7187
11
120
QTY.
3000
DC
EAT
QHF REHS",1.0000010732331056e+17,IBD3233105532
2026-03-11 12:45:21,PANJIT,BAV99-AU,3000,,-,google_vision,0.79s,"Part No. BAV99-AU
MPN BAV99-AU_R1_000A1
MARKING JB
CUST PIN SW0000722
LOT NO 6131C71B7
QTY: 3000
PANJIT
DC
HF ROM
SV",fdb5bcb3f013980d5e70a8575908b1fb77ec8032d16fda26cd716b29dd253a8e,6131C71B7,"PART NO. BAV99-AU
MPN BAV99-AU_R1_000A1
MARKING JB
CUST PIN SW0000722
LOT NO 6131C71B7
QTY: 3000
PANJIT
DC
HF ROM
SV",1.0000010732331213e+17,IBD3233121333
2026-03-11 12:45:51,LITTELFUSE,-,-,,3000,google_vision,3.35s,"PS
TPSMB26CA-UR
3000
LOT NO BASS-630
Littelfuse
QC
HF
/",5eb61031aee218b17d3936a75a10b0a79813d84e59b3ef79714d9b2b20de879d,BASS-630,"PS
TPSMB26CA-UR
3000
LOT NO BASS-630
LITTELFUSE
QC
HF
/",1.000001073233152e+17,IBD3233151933
2026-03-11 12:46:19,KEMET,SWOOO73OI,2500,,2552,paddleocr,6.33s,"CUSTP/NSWOOO73OI
CUSTPO
# 2526021
25SEPT
ROHS-PRC
D/C 2552
MIL
20751 UNI
MU
QUANTITY 2500
KEMETP/N_C0805X224K5RAC7800
KEMET
CAP 22OUF VOLTS50
255200320
VAGEO company
SWINGTEL COMMUNICATIONS PVT. LTD",9511207a511d6a91ad07b2948b4236aeff163cd68282a9b2f9badd1a88b1e8ba,-,"CUSTP/NSWOOO73OI
CUSTPO
# 2526021
25SEPT
ROHS-PRC
D/C 2552
MIL
20751 UNI
MU
QUANTITY 2500
KEMETP/N_C0805X224K5RAC7800
KEMET
CAP 22OUF VOLTS50
255200320
VAGEO CO",1.00000107323318e+17,IBD3233179912
2026-03-12 17:21:54,UNKNOWN,-,2500,,01941,google_vision,0.97s,MOCK TEXT DATA 1P E28-01941-0258-A Q 2500 1T KEM-22B-99,ecc883679152786f045cd0c1e17453f7a12a7d1d9bcf48517573a1ae80a43af0,-,MOCK TEXT DATA 1P E28-01941-0258-A Q 2500 1T KEM-22B-99,1.0000010733361144e+17,IBD3336114402
2026-03-12 17:22:19,KEMET,KEMC0805S104K5RA,25,,2542,paddleocr,60.99s,"(P) PART NUMBER:KEMCO8O5S1O4K5RA
(Q) QUANTITY 25OO
CAPACITOR
ROHS-PRC
.100UF 50V
10%
DATE CODE:2542
(1T)LOT:254270641
C OF O MEXICO
SP_486
*45239701
KEMET P/N CO8OSS104K5RAC7800
KEMET
MIL P/N
0 VAGEO compary",ef799012cd7817e85de753bdf4c684f4548c266c72e0d88209e1f4ecdf6afbb4,254270641,"(P) PART NUMBER:KEMCO805S104K5RA
(Q) QUANTITY 25OO
CAPACITOR
ROHS-PRC
.100UF 50V
10%
DATE CODE:2542
(1T)LOT:254270641
C OF O MEXICO
SP_486
*45239701
KEMET P/N C",1.000001073336139e+17,IBD3336139099
2026-03-12 17:24:02,UNKNOWN,-,-,,-,paddleocr,87.94s,-,5db7b14c9f9ff5c65b5661b5c6d8c0d6c1c7cc199f779bba42133fc9050f56b6,-,-,1.000001073336242e+17,IBD3336242062
2026-03-12 17:24:35,UNKNOWN,-,2500,,01941,google_vision,0.91s,MOCK TEXT DATA 1P E28-01941-0258-A Q 2500 1T KEM-22B-99,8ffb547b61594912e21fbd17ec1c35f02853dad7c3f95ee9ee530bf7242d53b0,-,MOCK TEXT DATA 1P E28-01941-0258-A Q 2500 1T KEM-22B-99,1.0000010733362754e+17,IBD3336275436
2026-03-12 17:24:36,UNKNOWN,-,-,,-,paddleocr,96.60s,-,6cd31ee7e8e3b13ec7a969bb1d02c5453145c62e83ccf3c5607fee44c25c3d88,-,-,1.0000010733362768e+17,IBD3336276846
2026-03-12 17:24:57,UNKNOWN,-,2500,,01941,google_vision,1.47s,MOCK TEXT DATA 1P E28-01941-0258-A Q 2500 1T KEM-22B-99,4be657ee49c766e5000bf62029a9c99fee658dce6ffda914876288c17fb98ec8,-,MOCK TEXT DATA 1P E28-01941-0258-A Q 2500 1T KEM-22B-99,1.0000010733362976e+17,IBD3336297791
2026-03-12 17:25:11,UNKNOWN,-,2500,,01941,google_vision,0.64s,MOCK TEXT DATA 1P E28-01941-0258-A Q 2500 1T KEM-22B-99,ded66e7d57e5f62c1dd50227e270bc91a6819e4bcc3c62e60b643420427fa02d,-,MOCK TEXT DATA 1P E28-01941-0258-A Q 2500 1T KEM-22B-99,1.000001073336312e+17,IBD3336311979
2026-03-12 17:25:27,UNKNOWN,-,-,,-,paddleocr,82.42s,-,5480d9c098d4eaadb96fa0e39ffaaa306c0dc619c9c6e88c3fa2f7307a01224e,-,-,1.0000010733363272e+17,IBD3336327158
2026-03-12 17:54:36,KEMET,NUMBERKEMC0805S104KSRA,2500,,2542,paddleocr,7.78s,"(P)
PART
NUMBER:KEMCO8O5S104KSRA
(Q)
QUANTITY2500
CAPACITOR
ROHS-PRC
.100UF 50V
10%
DATE CODE :2542
(1T)L0T:254270641
C OF O MEXICO
301486
*45239701
KEMET P/N
CO8055104K5RAC7800
KEMET
MIL P/N
VAGEO
(0)",4209e020f1634bb706037297e10b840e2be238b5b06fecf6314582300e0f5760,-,"(P)
PART
NUMBER:KEMCO805S104KSRA
(Q)
QUANTITY2500
CAPACITOR
ROHS-PRC
.100UF 50V
10%
DATE CODE :2542
(1T)L0T:254270641
C OF O MEXICO
301486
*45239701
KEMET P/N
C",1.000001073338076e+17,IBD3338076025
2026-03-12 17:54:53,KEMET,NUMBERKEMC0805S104K5RA,2500,,2542,paddleocr,6.50s,"P
PART
NUMBER:KEMCO805S104K5RA
(Q)
QUANTITY25O0
CAPACITOR
ROHS-PRC
100UF
50V
10%
DATE
CODE:2542
1TL0T:254270641
COFO
MEXICO
$=486
45239701
KEMET P/N
CO80SS104K5RAC7800
KEMET
MIL
P/N
o VAGEO
(O)",204d9cb3ea76dcc8ea2dbd99ca8202bb7e55dcf306dc2f16e30120d138b1f2c1,-,"P
PART
NUMBER:KEMCO805S104K5RA
(Q)
QUANTITY2500
CAPACITOR
ROHS-PRC
100UF
50V
10%
DATE
CODE:2542
1TL0T:254270641
COFO
MEXICO
$=486
45239701
KEMET P/N
CO80SS104K5",1.0000010733380936e+17,IBD3338093612
2026-03-12 17:55:13,KEMET,NUMBERKEMC0805S104KSRA,2500,,2542,paddleocr,5.78s,"(P)
PART
NUMBER:KEMCO8O5S1O4KSRA
(Q)
QUANTITY 2500
CAPACITOR
ROHS-PRC
.100UF
50V
10%
DATE
CODE:2542
1T)
LOT:254270641
COF
0
MEXICO
$D_486
45239701
KEMET P/N
CO805S104K5RAC7800
KEMET
MIL
P/N
aVAGEO
(0)",5b51b1e944ac612a5a4600599950d5d76a557591491323e1471f8c3523bf8e7f,254270641,"(P)
PART
NUMBER:KEMCO805S104KSRA
(Q)
QUANTITY 2500
CAPACITOR
ROHS-PRC
.100UF
50V
10%
DATE
CODE:2542
1T)
LOT:254270641
COF
0
MEXICO
$D_486
45239701
KEMET P/N
CO8",1.0000010733381136e+17,IBD3338113772
2026-03-12 17:55:54,UNKNOWN,-,2500,,01941,google_vision,0.72s,MOCK TEXT DATA 1P E28-01941-0258-A Q 2500 1T KEM-22B-99,72fba53837c4f78d59444cf1c82e71df360c65822f7490b955e224e3ccf60bb9,-,MOCK TEXT DATA 1P E28-01941-0258-A Q 2500 1T KEM-22B-99,1.0000010733381544e+17,IBD3338154360
2026-03-12 17:55:59,UNKNOWN,-,2500,,01941,google_vision,0.64s,MOCK TEXT DATA 1P E28-01941-0258-A Q 2500 1T KEM-22B-99,caab301b459acdfb8a74aa164400a0649dc2a242b3c0c31d8cca310f3bc00535,-,MOCK TEXT DATA 1P E28-01941-0258-A Q 2500 1T KEM-22B-99,1.0000010733381592e+17,IBD3338159254
2026-03-12 17:56:23,KEMET,COBOSS104KSRAC780,-,,70641,tesseract,13.50s,"2500CAPACITORROHS-PRC

AECODE242
LOT 70641

OS
CT

KEMETPNCOB0SS104KSRAC780
ILPJN

KEMET
VAGEO L 7",07407bacbbc32de1af528a0f0153969b00e8cbd48c4f38b5a0577267ccbf6287,70641,"2500CAPACITORROHS-PRC
AECODE242
LOT 70641
OS
CT
KEMETPNCOB0SS104KSRAC780
ILPJN
KEMET
VAGEO L 7",1.0000010733381838e+17,IBD3338183868
2026-03-12 17:57:18,KEMET,NUMBERKEMC0805S104K5RA,2500,,2542,paddleocr,6.20s,"P
PART
NUMBER:KEMCO8O5S1O4K5RA
(Q)
QUANTITY2500
CAPACITOR
ROHS-PRC
.100UF
50V
10%
DATE
CODE:2542
(1T) L0T:254270641
COFO
MEXICO
3PL486
45239701
KEMETP/N
CO805S104KSRAC7800
KEMET
MIL
P/N
VAGEO
(D)",ea2508be90481458023cb05fa0b55d5d7044efa0afd45f4d6445b82b887094e5,-,"P
PART
NUMBER:KEMCO805S104K5RA
(Q)
QUANTITY2500
CAPACITOR
ROHS-PRC
.100UF
50V
10%
DATE
CODE:2542
(1T) L0T:254270641
COFO
MEXICO
3PL486
45239701
KEMETP/N
CO805S1",1.000001073338238e+17,IBD3338238014
2026-03-12 18:11:11,KEMET,NUMBERKEMC0805S104K5RA,2,,2542,paddleocr,6.39s,"(P
PART
NUMBER:KEMCO8O5S1O4K5RA
(Q)
QUANTITY2S00
CAPACITOR
ROHS-PRC
.100UF
50V
10%
DATE
CODE
:2542
1TL0T:254270641
COF
0
MEXICO
SPL486
45239701
KEMETP/N
CO80SS104KSRAC7800
KEMET
MIL
P/N
aYAGEO co
(0)",20bae437c2fd723c05c91fa6e02ab12e40f8e205b807fc2cc377600a326dd0ac,-,"(P
PART
NUMBER:KEMCO805S104K5RA
(Q)
QUANTITY2S00
CAPACITOR
ROHS-PRC
.100UF
50V
10%
DATE
CODE
:2542
1TL0T:254270641
COF
0
MEXICO
SPL486
45239701
KEMETP/N
CO80SS1",1.0000010733390712e+17,IBD3339071351
2026-03-12 18:11:33,UNKNOWN,-,2500,,01941,google_vision,0.55s,MOCK TEXT DATA 1P E28-01941-0258-A Q 2500 1T KEM-22B-99,ef3ce89aed37b9ca51808a3254a55fdfdd3cf764e0ff924b90bced3a9ca1cf2d,-,MOCK TEXT DATA 1P E28-01941-0258-A Q 2500 1T KEM-22B-99,1.0000010733390931e+17,IBD3339093368
2026-03-12 18:11:41,UNKNOWN,-,-,,-,tesseract,1.90s,-,36c460e68887f13e7bfc2715078677f582b9d4ec1f11a202d1b1f64ab13cf7d8,-,-,1.0000010733391018e+17,IBD3339101817
2026-03-12 18:11:50,UNKNOWN,-,-,,-,tesseract,1.11s,-,4edccac3dc34a98a9c091e081fe813ada48565ee0240460baa893b16156b5248,-,-,1.0000010733391107e+17,IBD3339110815
2026-03-12 18:11:53,UNKNOWN,-,-,,-,tesseract,1.19s,-,48b1deee2257a8f607dbdaf44922f32977ef37a070965885f31c7f045efbb7a2,-,-,1.0000010733391134e+17,IBD3339113487
2026-03-12 18:12:10,KEMET,NUMBERKEMC0805S104KSRA,2500,,2542,paddleocr,5.86s,"P
PART
NUMBER:KEMC08O5S104KSRA
(Q)
QUANTITY2500
CAPACITOR
ROHS-PRC
100UF
50V
10%
DATE
CODE:2542
LOT:254270641
COFO
(1T)
MEXICO
SPL466
.45239701
KEMET
KEMET P/N
CO8055104K5RAC7800
MIL
P/N
a VAGEO c
(0)",a8fa1d636e182b8198f76e58e518b696071265f36e6285ce50ed0a5e921e9152,254270641,"P
PART
NUMBER:KEMC0805S104KSRA
(Q)
QUANTITY2500
CAPACITOR
ROHS-PRC
100UF
50V
10%
DATE
CODE:2542
LOT:254270641
COFO
(1T)
MEXICO
SPL466
.45239701
KEMET
KEMET P/N",1.0000010733391309e+17,IBD3339130739
2026-03-13 08:10:43,UNKNOWN,-,-,,-,paddleocr,0.41s,-,62f33f11a67c0a29216dc6e12f29b35fd95d40d384e07ace37a1eecd19b5a0b4,-,-,1.0000010733894435e+17,IBD3389443588
2026-03-13 08:10:55,UNKNOWN,-,-,,-,tesseract,1.59s,-,62f33f11a67c0a29216dc6e12f29b35fd95d40d384e07ace37a1eecd19b5a0b4,-,-,1.0000010733894552e+17,IBD3389455194
2026-03-13 08:11:27,UNKNOWN,-,-,,-,paddleocr,0.37s,-,62f33f11a67c0a29216dc6e12f29b35fd95d40d384e07ace37a1eecd19b5a0b4,-,-,1.0000010733894872e+17,IBD3389487138
2026-03-13 08:12:09,UNKNOWN,-,-,,-,google_vision,0.59s,-,62f33f11a67c0a29216dc6e12f29b35fd95d40d384e07ace37a1eecd19b5a0b4,-,-,1.000001073389529e+17,IBD3389529014
2026-03-13 08:19:29,UNKNOWN,-,-,,-,tesseract,0.28s,-,62f33f11a67c0a29216dc6e12f29b35fd95d40d384e07ace37a1eecd19b5a0b4,-,-,1.0000010733899696e+17,IBD3389969592
2026-03-13 08:20:05,UNKNOWN,-,-,,-,tesseract,1.11s,-,feb1e3d3b1fca9b0a46f563c7a3f26ad98184d8241087bdd5b94c4bddde984b7,-,-,1.0000010733900054e+17,IBD3390005470
2026-03-13 08:20:15,UNKNOWN,-,-,,-,tesseract,1.03s,-,a9bd8072a0f926034c3347c8e8b1f86f21388a64661eff5d589b8a24c7fed040,-,-,1.0000010733900152e+17,IBD3390015336
2026-03-13 08:20:19,UNKNOWN,-,-,,-,tesseract,1.00s,-,e2e59651fa9d3e245afe3074ff8c5289650be08dc61222a50416b3fb0561e38d,-,-,1.0000010733900194e+17,IBD3390019468
2026-03-13 08:20:39,UNKNOWN,-,-,,-,tesseract,1.07s,-,c95391af56a013844e2fcb2a58c9ccd10bf8a225e285040f977db4354924b5bf,-,-,1.0000010733900392e+17,IBD3390039135
2026-03-13 08:25:32,UNKNOWN,-,-,,-,tesseract,0.87s,-,c6e3034c79726542530961d9bed6cebc7ccbc8ec4dbc10d438b9f5c19e50f106,-,-,1.0000010733903325e+17,IBD3390332319
2026-03-13 08:25:34,UNKNOWN,-,-,,-,tesseract,0.73s,-,936ddef7d63adeaddd9c3e8d8f122f35fe9cada7d0edc7ad186ca25b03aaaec0,-,-,1.0000010733903347e+17,IBD3390334827
2026-03-13 08:25:38,UNKNOWN,-,-,,-,tesseract,0.87s,-,d612516806667f8ee9944d102ee549e2b05a0adde410a684d8ff96da2eab6a00,-,-,1.0000010733903384e+17,IBD3390338382
2026-03-13 08:25:48,UNKNOWN,-,-,,-,tesseract,0.77s,-,d63d68224db608a13fe13fca4ab1aa320a2f7cb8c219a29a1a3f244c8820bb93,-,-,1.000001073390348e+17,IBD3390348016
2026-03-13 08:26:16,UNKNOWN,-,-,,-,tesseract,0.76s,-,9e7735a22524876f65030dfc00030ecdd8171f25760b0b7ef50083da1316b1b7,-,-,1.0000010733903763e+17,IBD3390376319
2026-03-13 08:41:34,UNKNOWN,-,-,,-,tesseract,0.65s,-,f9afb1685a90cabe6e20092677c0ff09bc59089c646b1327cff85d0d992eb9aa,-,-,1.0000010733912946e+17,IBD3391294662
2026-03-13 09:58:24,UNKNOWN,BYPPARTNUMBER,8,,2542,paddleocr,12.08s,"By
(P) PART NUMBER:KEMCO8O5S1O4KSRA
-
ROHS-PRC
CAPACITOR
E
(Q) QUANTITY25OO
10%
.100UF SOV
DUTC
•
DATE CODE :2S42
COF O MEXICO
7
(1T) L0T:254270641
. E
45239701
KEMET
KEMET P/N C080SS104K5RAC7800
• YaGEO cempony
MIL P/N
*2",11d4b6a975598e11676935ab132e6016e4816bd77e00bd04c32742f2842fe851,-,-,1.0000010733959048e+17,IBD3395904706
2026-03-13 09:59:18,UNKNOWN,-,-,,-,tesseract,6.17s,-,d4fc57fdc40b9f355785e4a4eeb39dd87166659dcc93c9b9b32c47d669db81a0,-,-,1.0000010733959584e+17,IBD3395958480
2026-03-13 10:17:05,KEMET,KEMC0805S104KSRA,25,,2542,paddleocr,10.71s,"1
P PART NUMBER:KEMCO805S104KSRA
CAPACITOR
ROHS-PRC
B
Q QUANTITY 25OO
.100UF SOV
10%
DATE CODE :2542
1T L0T :254270641
C OF O MEXICO
5OL436 11
45239701
KEMET
KEMET P/N CO80SS104KSRAC7800
MIL P/N
VAGEO C",60e872fcd4f067fef71eebaba3e1a8d96a279b12414add669fb111ff6ab134ea,254270641,"1
P PART NUMBER:KEMCO805S104KSRA
CAPACITOR
ROHS-PRC
B
Q QUANTITY 25OO
.100UF SOV
10%
DATE CODE :2542
1T L0T :254270641
C OF O MEXICO
5OL436 11
45239701
KEMET
KE",1.0000010733970256e+17,IBD3397025562
2026-03-13 10:17:55,UNKNOWN,-2020-T1,8,,253468,paddleocr,7.82s,"0
JAUCH
1P 253468
∞
(0) 1000 ST
2
(17) 012685
ROHS
PLAMLE
Q 8,0 - JXS53P4 - 10 -20/20-T1 -AEC-LF
A
OMEPIUG6-85",4199b99f6270c91a94e40062836be876c7621cae23217e93814591425516d1ac,253468,"0
JAUCH
1P 253468
∞
(0) 1000 ST
2
(17) 012685
ROHS
PLAMLE
Q 8,0 - JXS53P4 - 10 -20/20-T1 -AEC-LF
A
OMEPIUG6-85",1.000001073397075e+17,IBD3397075085
2026-03-13 10:18:13,UNKNOWN,-2020-T1-AEC-LF,8,,253468,paddleocr,7.79s,"R
!
JAUCH
1P 253468
() 1000 ST
(11) 012685
ROHS
YIMNLTY
Q 8,0 -JXS53P4-10 -20/20-T1-AEC-LF
ONEPI016 -5",ee24e1351fed2a29c04919af36aaee6c99b82b9b9765a3f3b713cf4e93555fd6,253468,"R
!
JAUCH
1P 253468
() 1000 ST
(11) 012685
ROHS
YIMNLTY
Q 8,0 -JXS53P4-10 -20/20-T1-AEC-LF
ONEPI016 -5",1.0000010733970928e+17,IBD3397092965
2026-03-13 10:18:42,UNKNOWN,-,-,,-,tesseract,2.87s,-,55c4dc139a33c236f940f647aadf9ce5736d9e477cb5433ad5c8706094beae09,-,-,1.0000010733971229e+17,IBD3397122873
2026-03-13 10:19:00,UNKNOWN,-,-,,-,tesseract,6.96s,-,c01c657746e258fe28f36831effd0a8d4d602a5adbc2df410ca3d009441826b3,-,-,1.0000010733971408e+17,IBD3397140819
2026-03-13 10:19:26,KEMET,KEMC0805S104KSRA,2500,,2542,paddleocr,9.44s,"P PART NUMBER:KEMCO805S104KSRA
ROHS-PRC
Q QUANTITY2500
CAPACITOR
.100UF SOV
10%
DOTECO
DATE CODE:2542
C OF O MEXICO
1T L0T:254270641
R1
45239701
KEMET
XEMET P/N CO8OSS104KSRAC7800
MIL P/N
YAGEO
B
D7
;",b2793b57f37554e180a00839e4fbef5c22386a478d4edf4d7e1bf9fad079b089,254270641,"P PART NUMBER:KEMCO805S104KSRA
ROHS-PRC
Q QUANTITY2500
CAPACITOR
.100UF SOV
10%
DOTECO
DATE CODE:2542
C OF O MEXICO
1T L0T:254270641
R1
45239701
KEMET
XEMET P/N",1.0000010733971664e+17,IBD3397166566
2026-03-13 10:21:29,UNKNOWN,BAV99-AU,3000,,11,paddleocr,7.74s,"PAN NO : BAV99-AU
IE
PANUT
E
MPN BAV99-AU_R1_000A1
1
WH10
MARKING JB
CUST P.N SW0000722
IEE
LOT NO 6131C7187
N
11
U2
QTY: 3000
DC
SSRD",20c4f6b9a3419393a774272f95778402ca73bf2dae9cb5dd1dfb2209b18cd812,6131C7187,"PAN NO : BAV99-AU
IE
PANUT
E
MPN BAV99-AU_R1_000A1
1
WH10
MARKING JB
CUST P.N SW0000722
IEE
LOT NO 6131C7187
N
11
U2
QTY: 3000
DC
SSRD",1.0000010733972893e+17,IBD3397289354
2026-03-13 10:21:55,UNKNOWN,BAV7OW,3000,,10110,paddleocr,8.35s,"Æ
PAN NO BAV7OW.AU
PANUM
100M
MPN BAV7OW-AU_R1_0001
11M00
S
NARKING JA
CUST PN SW0006259
PASA
10110
0713
LOT NO 5N18A70P7
00111
DC
QTY 3000
11
4S T 3",761bc97c26104577d989f7d4c56e9a3a069829aca1a09b5c763bc887bca8f2e2,5N18A70P7,"Æ
PAN NO BAV7OW.AU
PANUM
100M
MPN BAV7OW-AU_R1_0001
11M00
S
NARKING JA
CUST PN SW0006259
PASA
10110
0713
LOT NO 5N18A70P7
00111
DC
QTY 3000
11
4S T 3",1.000001073397316e+17,IBD3397315928
2026-03-13 10:22:55,UNKNOWN,-2020-T1-AEC-LF,8,,253468,paddleocr,16.02s,"R.
))
JAUCH
1P 253468
(0) 1000 ST
ROHS
2
1T 012685
-
YOIUUR
Q 8,0-JXS53P4-10 -20/20-T1-AEC-LF
OMEPM136-85",7e11ececeb809e0247a0f959a4b5545b1a4314ad8044ef7873c80b663e2585d6,253468,"R.
))
JAUCH
1P 253468
(0) 1000 ST
ROHS
2
1T 012685
-
YOIUUR
Q 8,0-JXS53P4-10 -20/20-T1-AEC-LF
OMEPM136-85",1.0000010733973752e+17,IBD3397375206
2026-03-13 10:38:46,UNKNOWN,-,-,,-,paddleocr,14.55s,-,7bc1bccee1d047ffa0472e022ab82806ce45be371d7ec0dd421bce1e7bfc0750,-,-,1.0000010733983264e+17,IBD3398326515
2026-03-13 10:39:09,UNKNOWN,-,-,,-,tesseract,8.18s,-,c0460ae5a4e4abc603e6545c3122426f55d650b0e4a97748fd6919a680e4395b,-,-,1.00000107339835e+17,IBD3398349902
2026-03-13 10:42:00,KEMET,KEMCO8OSS104KSRA,2,,2542,paddleocr,20.63s,"P PART NUMBER:KEMCO8OSS104KSRA
E
CAPACITOR
ROHS-PRC
Q QUANTITY 2SOO
.100UF S0V
10%
2
DATE CODE :2542
C OF O MEXICO
1T L0T:254270641
59.226
[1
45239701
KEMET
KEMET P/N CO80SS104KSRAC7800
MIL P/N
A VAACO
Α
(M)
I)
)",6ad1606656e739f2582a63cf807d18b0eb985ba33e9cefb854d6f8c8cdef303d,254270641,CAPACITOR,1.0000010733985203e+17,IBD3398520495
2026-03-13 10:43:12,KEMET,KEMCO8OSS104KSRA,2500,,2542,paddleocr,10.36s,"2
P PART NUMBER:KEMCO8OSS104KSRA
E
ROHS-PRC
CAPACITOR
Q QUANTITY2500
.100UF 50V
10%
DATE CODE :2542
C OF O MEXICO
1T L0T:254270641
−
[
SL4S 111
45239701
KEMET
KEMET P/N CO80SS104KSRAC7800
MIL P/N
A YAGCO
(0
C=",ff0a92f44a4640afb735189c89b70682fcea20504bb02d3fb5a44d567c46101c,254270641,CAPACITOR,1.000001073398592e+17,IBD3398592060
2026-03-13 10:43:24,KEMET,KEMCO8OSS104K5RA,2500,,2542,paddleocr,8.70s,"-
1)
P PART NUMBER:KEMCO8OSS104K5RA
B
ROHS-PRC
CAPACITOR
Q QUANTITY 2500
=
.100UF 50V
10%
DATE CODE :2542
COF O MEXICO
1T L0T:254270641
5AS [1.111
45239701
KEMET
KEMET P/N C08OSS104KSRAC7800
MIL P/N
A YAGEO COMPORY
D
17",71922eab9ca89554f49077d5dde6fe6f9fd2b8bb8792273c63bc7da63893c152,254270641,CAPACITOR,1.0000010733986042e+17,IBD3398604230
2026-03-13 10:43:45,UNKNOWN,-,-,,-,tesseract,2.53s,-,3fe8ad7fd45a05ca0fa235642b1a0f06fe552744e895dc1448065fb1f36e4402,-,-,1.0000010733986256e+17,IBD3398625798
2026-03-13 10:45:36,KEMET,KEMCOBOSS104KSRA,2500,,2542,paddleocr,8.53s,"I
P PART NUMBER:KEMCOBOSS104KSRA
F
CAPACITOR
ROHS-PRC
Q QUANTITY 2500
.100UF 50V
10%
2
DATE CODE :2542
C OF O MEXICO
1T LOT:254270641
45239701
KEMET
KEMET P/N CO8OSS104KSRAC7800
MIL P/N
VAGEO
A",647286ffc7c3f2c44f329ee49a202db3856773ec9e36cfe9cbd508213bd8c46b,254270641,CAPACITOR,1.000001073398736e+17,IBD3398735984
2026-03-13 10:45:55,JAUCH,-2020-T1-AEC-LF,8,,253468,paddleocr,7.14s,"JAUCH
1P 253468
(0) 1000 ST
(1) 012685
Q 8,0-JXS53P4 -10 -20/20-T1-AEC-LF
N
ONEPR0G6-85",f28e65c702c8f69004fcbfb52e85b07302b9ea365686cab4943ee4b213cde012,253468,-,1.0000010733987552e+17,IBD3398755119
2026-03-13 10:46:22,UNKNOWN,-,-,,-,tesseract,4.15s,-,26cfb793cabfad89f52968d058e50980f1cd58c5b8d52c96555a01e3780ab083,-,-,1.0000010733987826e+17,IBD3398782605
2026-03-13 10:46:47,UNKNOWN,-,-,,-,tesseract,15.18s,-,f589a5da676f1b07d9a31dcabb990445f73abc5008ceb0e5eaaa1263b6b1b5ef,-,-,1.000001073398807e+17,IBD3398807003
2026-03-13 10:46:59,KEMET,KEMCO8OSS104KSRA,2500,,10,paddleocr,8.51s,"!)
P PART NUMBER:KEMCO8OSS104KSRA
FA
E
ROHS-PRC
CAPACITOR
Q QUANTITY 2500
10%
.100UF S0V
DATE CODE :2S42
C OF O MEXICO
1T L0T:254270641
.4
45739701
KEMET
KEMET P/N CO80SS104K5RAC7800
MIL P/N",48c41700cf7978d9a9632e7f223e260c9d9454466d3976b3b3ee78a8b327a9d2,254270641,CAPACITOR,1.0000010733988194e+17,IBD3398819488
2026-03-13 10:47:12,UNKNOWN,E28-01941-0258-A,2500,,01941,google_vision,0.67s,MOCK TEXT DATA 1P E28-01941-0258-A Q 2500 1T KEM-22B-99,c718bcd7158e423a3f1411f6518a4caf07843408d64dff93f5295a656e0783e2,KEM-22B-99,-,1.0000010733988328e+17,IBD3398832931
2026-03-13 11:04:03,KEMET,EMCOBCSSICASRA,2,,10,paddleocr,6.29s,"7
D PAR NUMBEA EMCOBCSSICA-SRA
ITTEI
Q QUANTITY2SO0
CAPACITOR
ROHS-PRC
TIICLLL
100UF SOV
10%
DATE CODE PSS2
T LOT 254270641
( 5 : MEAICO
.T
45239701
KEMET
KEMET P N CO8OSS104KSRAC73OC
MIL PIN
YAEO
0",93ee344455dd276d954f8432b1e57b889c65a5d642164f0d8e2ffab6ce6221b0,254270641,CAPACITOR,1.0000010733998432e+17,IBD3399843264
2026-03-13 11:04:16,KEMET,KEMC0805S104KSRA,2,,2542,paddleocr,7.46s,":
M
P PART NUMBER:KEMCO805S104KSRA
Q QUANTITY 2S00
CAPACITOR
ROHS-PRC
.100UF SOV
10%
DATE CODE :2542
1T L0T :254270641
C OF O MEXICO
N
SOL4S6
45239701
KEMET P/N CO80SS104KSRAC7800
KEMET
MIL P/N
A YAGEO CORTPORTY",563130f13831580c0f15b14730d3860428340fcd7676e4e773f8ada27f9a1e81,L0T,CAPACITOR,1.0000010733998568e+17,IBD3399856777
2026-03-13 11:04:32,KEMET,KEMC0805S104K5RA,2,,2542,paddleocr,6.44s,".
P PART NUMBER:KEMCO805S104K5RA
E
CAPACITOR
ROHS-PRC
Q QUANTITY 2SOO
10%
.100UF SOV
DATE CODE :2542
C OF O MEXICO
1T L0T:254270641
N
3PL486
45239701
KEMET
KEMET P/N CO8OSS104KSRAC7800
MIL P/N
0 YAGEO COMPARY
32",90acb97489ae7b0541372e043deeb3800bd4cce867e1e17ececada73aa6fb9e9,L0T,CAPACITOR,1.0000010733998722e+17,IBD3399872207
2026-03-13 11:06:25,KEMET,KEMCO8OSS104KSRA,2500,,10,paddleocr,5.74s,"P PART NUMBER:KEMCO8OSS104KSRA
CAPACITOR
ROHS-PRC
Q QUANTITY 2500
.100UF SOV
10%
DATE CODE :2S42
C OF O MEXICO
1T L0T:254270641
$8L48E
45239701
KEMET
KEMET P/N CO8OSS104KSRAC7800
MIL P/N
0 YAGEO CR
B
N
1",d55ea61c24e56bbbec82e9f612918ddf24e5f20b2c4eccea1010beb6acedc7e8,L0T,CAPACITOR,1.0000010733999856e+17,IBD3399985508
2026-03-13 11:07:02,JAUCH,253468,1000,,253468,paddleocr,6.14s,"1
I'
AUCH
1P 253468
Q 1000 ST
B
1T 012685
ROHS
POI4V
Q 8,0 -JXS53P4 - 10 -20/20-T1-AEC-LF
ONEP1T126-85
8
11",a734c268740c33c3c021c049f15664c79ed990f6a40b7aac0027108467c6c328,012685,-,1.0000010734000222e+17,IBD3400022229
2026-03-13 11:07:30,UNKNOWN,-,-,,-,tesseract,2.08s,-,ff62207dda75d5fb2ee1c0b139fcf016f9ff29e1e3a930ae3f4a2ca788ee273c,-,-,1.0000010734000509e+17,IBD3400050870
2026-03-13 11:07:35,UNKNOWN,-,-,,-,tesseract,1.91s,-,0e980c94765f2277b3f34ea5a2990e78eb1ba07980703a232f5b223ad6ae851f,-,-,1.000001073400055e+17,IBD3400055054
2026-03-13 11:08:02,UNKNOWN,-,-,,-,tesseract,1.95s,-,4e8b1abbfd0367d0aa62f1389e28f5bbac11d7b62048aa5cc2a8623a0bd88a91,-,-,1.0000010734000829e+17,IBD3400082852
2026-03-13 11:08:43,UNKNOWN,E28-01941-0258-A,2500,,01941,google_vision,0.83s,MOCK TEXT DATA 1P E28-01941-0258-A Q 2500 1T KEM-22B-99,a5ebf314bae71bcd48e0983e801c321f20151e593b66ef348ff36c5781996ad4,KEM-22B-99,-,1.000001073400123e+17,IBD3400123060
2026-03-13 11:08:47,UNKNOWN,E28-01941-0258-A,2500,,01941,google_vision,0.86s,MOCK TEXT DATA 1P E28-01941-0258-A Q 2500 1T KEM-22B-99,c31399897c7689706891fa70f31db2f022bf2fbb8eddc9273f78be8d8794aaf6,KEM-22B-99,-,1.000001073400127e+17,IBD3400127033
2026-03-13 11:42:43,KEMET,KEMC0805S104KSRA,2500,,2542,paddleocr,6.79s,"2
P PART NUMBER:KEMCO805S104KSRA
.
Q QUANTITY2500
CAPACITOR
ROHS-PRC
.100UF SOV
10%
P
DATE CODE :2542
1T LOT:254270641
C OF O MEXICO
SPL4SS ATOE
*45239701
KEMET P/N C080SS104KSRAC7800
KEMET
MIL P/N
A YAGEO COMPORTY",020735bafc008032734586647b08c3870eb88f02eb9cd34e066ba65238968f46,L0T,CAPACITOR,1.000001073402164e+17,IBD3402163966
2026-03-13 11:43:01,KEMET,KEMCO8OSS104K5RA,2500,,2542,paddleocr,6.31s,"F
-
P PART NUMBER:KEMCO8OSS104K5RA
:=
CAPACITOR
ROHS-PRC
Q QUANTITY 2500
.100UF 50V
10%
DATE CODE :2542
C OF O MEXICO
1T LOT:254270641
SOLASS
45239701
KEMET
KEMET P/N CO80SS104K5RAC7800
MIL P/N
YAEO
8",583b4b5c438aef73e71f2fce27425342cdd7717537351629806f5ccdaa6036c6,L0T,CAPACITOR,1.0000010734021811e+17,IBD3402181348
2026-03-13 11:43:43,JAUCH,253468,-,,00,paddleocr,5.54s,"JAUCH
00
1P 253468
.
(
(0) 1000 ST
ROHS
052
1T 012685
2
PUUVT
0 8,0 - JXS53P4 - 10 -20/20-T1-AEC-LF
ONEPLUG6-85",622f859719bf916fece5c167514817d5df2f70db8a9481c6e1d7baa0d13ba323,012685,-,1.000001073402224e+17,IBD3402223941
2026-03-13 11:43:56,JAUCH,253468,8,,253468,paddleocr,5.99s,"AUCH
0
1P 253468
P
(A) 1000 ST
R
.
O
(1) 012685
ROHS
E
JOILNWTY
Q 8,0 -JXS53P4 - 10 -20/20-T1-AEC-LF
ONEPI016 -85",7a861fa80d85535d364b707d9efe02877548099f152553dd1c85b39f7a0de669,253468,-,1.0000010734022368e+17,IBD3402236883
2026-03-13 11:44:32,UNKNOWN,-,-,,-,tesseract,1.85s,BEZ 0 4,4b74347a821cd5d367cfd1765f27dadce78955fbd0a5acf0959c5e7ffbb26a59,-,-,1.0000010734022726e+17,IBD3402272684
2026-03-13 11:44:37,UNKNOWN,-,-,,-,tesseract,1.55s,-,5e5429488c1508d6019ef91eeee5921254d77b4f1d61b3ae862df843cb2cfd91,-,-,1.000001073402277e+17,IBD3402277025
2026-03-13 11:44:52,UNKNOWN,-,-,,-,google_vision,0.83s,-,56b7bf181cc4feda722d9aba396c06b57e1c927b01b333f6e61fddde12e0ff11,-,-,1.0000010734022928e+17,IBD3402292884
2026-03-13 13:00:16,KEMET,RKEMCO8OSS104K5RA,2500,,2542,paddleocr,9.74s,"M.
FF
P PART NUM8ER:KEMCO8OSS104K5RA
H
Q QUANTITY 2500
CAPACITOR
ROHS-PRC
.100UF 50V
10%
DATE CODE :2542
1T LOT:254270641
C OF O MEXICO
45239701
XEMET P/N C080SS104K5RAC7800
KEMET
MIL P/N
• YAGEO COMPORTY",0c0885b58a8b6bc80634b1fd6b548ba3978f4fbaf2bc8d07fd92cce07da82eb8,254270641,CAPACITOR,1.000001073406816e+17,IBD3406816055
2026-03-13 13:00:50,KEMET,KEMC0805S104KSRA,2,,2542,paddleocr,8.43s,"P PART NUMBER:KEMCO805S104KSRA
T
E
CAPACITOR
ROHS-PRC
Q QUANTITY 2SOO
.100UF 50V
10%
DATE CODE :2542
COF O MEXICO
1T LOT:254270641
S0L436
45239701
KEMET
KEMET P/N CO8OSS104KSRAC7800
MIL P/N
A YAGEO COMPARTY",591836586821a6946e3182d54dd87a365f5799ac5854b608310dfc7f3934b051,254270641,CAPACITOR,1.0000010734068509e+17,IBD3406850947
2026-03-13 13:01:08,JAUCH,253468,1000,,253468,paddleocr,5.99s,"21UTJ
JAUCH
1P 253468
(B
−
-
(0) 1000 ST
3
O
(1) 012685
ROHS
NINVY
Q 8,0 -JXS53P4 -10-20/20-T1-AEC-LF
ONEPI016-85",250e6a96eb28d6ca26c08147aa506bb671d82f3510859eb3fcce192947b3405a,253468,-,1.0000010734068685e+17,IBD3406868562
2026-03-13 13:01:32,JAUCH,253468,1000,,253468,paddleocr,6.02s,"·..
JAUCH
0
1P 253468
B
Q 1000 ST
1T 012685
ROHS
YILMNTY
Q 8,0 -JXS53P4 - 10 -20/20-T1-AEC-LF
OMEPT0136-85",5a85bc86da3a49c880dd5ae00226270cc117a8eeeabd6ef1871007e7947776c3,253468,-,1.0000010734068925e+17,IBD3406892345
2026-03-13 13:01:43,JAUCH,253468,1000,,253468,paddleocr,7.20s,"JAUCH
1P 253468
(0) 1000 ST
PB
S
-
−
(1) 012685
ROHS
.
DILLAVI
Q 8,0 -JXS53P4 - 10 -20/20 - T1-AEC-LF
ONEPTG6-85",09dd2796eb5a92adffe0dd74017e05421b4d131f297fbe6c6920002777d9ee94,253468,-,1.0000010734069032e+17,IBD3406903333
2026-03-13 13:02:31,UNKNOWN,-,-,,-,google_vision,0.41s,-,3511eeb867fdabbdb357b16058250c1740eb7cc986f57d8a997c8e40cf2ae5cc,-,-,1.0000010734069518e+17,IBD3406951893
2026-03-13 13:02:43,UNKNOWN,-,-,,-,google_vision,7.20s,-,e64a4cd7f36fb8a8918be16ea81018e6029018f7f5cdc48f916dc005b77e4a2c,-,-,1.0000010734069632e+17,IBD3406963100
2026-03-13 13:02:55,UNKNOWN,-,-,,-,google_vision,0.63s,-,ff13977e818edd17575e656648641cc655e1a1e4eb0f92c784e500825a720ea2,-,-,1.0000010734069757e+17,IBD3406975653
2026-03-13 13:03:50,UNKNOWN,-,-,,-,tesseract,1.90s,-,d79d567a606ba711e75f3a62eb8d7a39fc4c787c42c5c9df591d98f886d7d216,-,-,1.0000010734070307e+17,IBD3407030798
2026-03-13 13:03:58,UNKNOWN,-,-,,-,tesseract,2.29s,-,f1c570d04f3ab1a514125c2f15717bbce89df53019c87892f3206456271a0ee2,-,-,1.000001073407038e+17,IBD3407038052
2026-03-13 13:04:12,UNKNOWN,-,-,,-,tesseract,1.52s,-,13a82ff97aade5ad8218dd8230a73e7f7516624e72c0beed0a97f4f85bed66eb,-,-,1.000001073407052e+17,IBD3407052046
2026-03-13 13:04:15,UNKNOWN,-,-,,-,tesseract,1.50s,-,0455c4b76c2fed9dc464b5d69ca3afb76789ee32bfdc0735c19613bd2d1e2dd0,-,-,1.0000010734070557e+17,IBD3407055661
2026-03-13 13:10:26,JAUCH,253468,1000,,00,paddleocr,6.95s,"0
JAUCH
00
1P 253468
(0) 1000 ST
*
051
1T 012685
ROHS
JILWNTY
Q 8,0-JXS53P4-10-20/20-T1-AEC-LF
OHEPIU6-5",85327161faa9495ced11b3607c6a8c66a4b53262049aaa16d0a148f9159f11b3,253468,-,1.000001073407426e+17,IBD3407426101
2026-03-13 13:10:47,KEMET,KEMC0805S104KSRA,2500,,10,paddleocr,8.22s,"6
,
P PART NUMBER:KEMCO805S104KSRA
CAPACITOR
ROHS-PRC
Q QUANTITY2500
.100UF 50V
10%
DATE CODE :2S42
C OF O MEXICO
1T LOT:254270641
SPLAS 11111
45239701
KEMET
XEMET P/N C080SS104KSRAC7800
MIL P/N
AYAGEOC
0",a794aeb002a650403774318adf997957797d27623a534fb8588e1c8b7da23deb,254270641,CAPACITOR,1.0000010734074477e+17,IBD3407447557
2026-03-13 13:11:10,UNKNOWN,-,-,,-,google_vision,0.93s,-,a2a8c6c8ff3c555422842d1f6fa8703071747467f695b8ac6c2f3a695290e00b,-,-,1.0000010734074706e+17,IBD3407470644
2026-03-13 13:11:13,UNKNOWN,-,-,,-,google_vision,0.59s,-,c92eea623ed7b3ec6172a1f3663e783ee949374d10403f01ce0fbca85bc1f52e,-,-,1.0000010734074736e+17,IBD3407473588
2026-03-13 13:11:22,UNKNOWN,-,-,,-,tesseract,1.88s,-,1b672cf91f74c8478a9c50cf674f82bda8d4a3cc22603fca41069dca92ca7745,-,-,1.0000010734074824e+17,IBD3407482503
2026-03-13 13:51:15,KEMET,KEMC0805S104KSRA,2,,2542,paddleocr,9.23s,"P PART NUMBER:KEMCO805S104KSRA
Q QUANTITY2S00
CAPACITOR
ROHS-PRC
.100UF 50V
10%
DATE CODE :2542
1T LOT:254270641
C OF O MEXICO
E
SDL486
45239701
KEMET P/N CO8OSS104KSRAC7800
KEMET
MIL P/N
A VARO SY
()
U
H",bb227d387901725f7031f7c1d7d9a62ffbbfbda4309812fd7169bb1691952512,254270641,CAPACITOR,1.0000010734098755e+17,IBD3409875590
2026-03-13 13:51:41,KEMET,KEMCO8OSS104K5RA,2,,10,paddleocr,9.97s,"0
P PART NUMBER:KEMCO8OSS104K5RA
,
Q QUANTITY 2SOO
CAPACITOR
ROHS-PRC
.100UF 50V
10%
DATE CODE :2S42
1T LOT:254270641
C OF O MEXICO
50_486
45239701
KEMET P/N C08OSS104KSRAC7800
KEMET
MIL P/N
YAGEOC
(O)",214c7815e1ac95edaa31ec00eebe4de561bc4601a37710ca538c7c0065023e2f,254270641,CAPACITOR,1.0000010734099016e+17,IBD3409901706
2026-03-13 13:52:25,KEMET,KEMCO80SS104K5RA,2500,,2542,paddleocr,7.67s,"-∴5^--41
ORAINE
Α
P PART NUMBER:KEMCO80SS104K5RA
CAPACITOR
ROHS-PRC
Q QUANTITY2500
.100UF SOV
10%
\
DATE CODE :2542
COF O MEXICO
1T LOT:254270641
[1
SPL486
C
45239701
KEMET
KEMET P/N C080SS104KSRAC7800
MIL P/N
A YAGEO COMPORTY",28e5fe14e7f1a3f22565481712867a306c7928038849e88ffc5e5920a9a866b3,254270641,CAPACITOR,1.0000010734099456e+17,IBD3409945638
2026-03-13 13:52:49,JAUCH,253468,8,,620,paddleocr,7.27s,"=
JAUCH
620
O
1P 253468
L
() 1000 ST
PB
(1) 012685
ROHS
YOILBOVEY
Q 8,0-JXS53P4 - 10 -20/20-T1-AEC-LF
OMEPI9136-85",f7b208b45b6e89e91d2546aebd142c4edc5439730c10c94cbc1b56debde74859,253468,-,1.0000010734099694e+17,IBD3409969432
2026-03-13 13:53:03,JAUCH,253468,1000,,253468,paddleocr,7.87s,":
=
JAUCH
QO
1P 253468
(PB)
(0) 1000 ST
(1) 012685
ROHS
*
EILSVTY
Q 8,0-JXS53P4 -10 -20/20 - T1-AEC-LF
OHEPL9G6-85",2a1abf0266fc4f976705491f5e1a71f50877a5b4282af7941958a0d3fc969c5a,253468,-,1.0000010734099838e+17,IBD3409983891
2026-03-13 13:54:00,KEMET,KEMC0805S104KSRA,2500,,2542,paddleocr,12.12s,"P PART NUMBER:KEMCO805S104KSRA
Q QUANTITY 2500
CAPACITOR
ROHS-PRC
.100UF SOV
10%
DATE CODE :2542
1T LOT :254270641
C OF O MEXICO
SP_486
45239/01
KEMET P/N CO80SS104K5RAC7800
KEMET
MIL P/N
A YAGEO COMPARTTY",4b9c5308dec8abc5f4a65f39d7368f1433fb48e9777808861a26adcdf130fc28,254270641,CAPACITOR,1.0000010734100408e+17,IBD3410040906
2026-03-13 13:54:33,KEMET,KEMC0805S104K5RA,2500,,11,paddleocr,7.53s,"KKIMS
P PART NUMBER:KEMCO805S104K5RA
11
2
-
CAPACITOR
ROHS-PRC
Q QUANTITY 2500
.100UF 50V
10%
DATE CODE :2S42
C OF O MEXICO
1T LOT:254270641
I
50.485
45239701
KEMET
KEMET P/N C080SS104K5RAC7800
MIL P/N
O YAGEO COMPORTY",3f7be416de8575c59ec2a05345c4c93fb9fea764e89408b0bb497f7486f0e6d3,254270641,CAPACITOR,1.0000010734100733e+17,IBD3410073207
2026-03-13 16:03:10,KEMET,KEMCO8OSS104KSRA,2500,,10,paddleocr,10.50s,"P PART NUMBER:KEMCO8OSS104KSRA
CAPACITOR
ROHS-PRC
Q QUANTITY 2500
.100UF 50V
10%
11
DATE CODE :2S42
1T LOT :254270641
C OF O MEXICO
.4 11
1
45239701
KEMET
KEMET P/N CO8OSS104KSRAC7800
MIL P/N
A YAGLO CON'PORTY
R",e86a72ce5e73e126948e918fb3ab11b6d94bac3f415ae2bfa2fd90bfac0f0e23,254270641,CAPACITOR,1.0000010734177904e+17,IBD3417790420
2026-03-13 16:11:15,KEMET,KEMC0805S104KSRA,2,,2542,paddleocr,8.07s,"TT
R
P PART NUMBER:KEMCO805S104KSRA
ROHS-PRC
CAPACITOR
Q QUANTITY 2S00
.100UF SOV
10%
DATE CODE :2542
C OF O MEXICO
1T LOT :254270641
SPL486
45239701
KEMET
KEMET P/N CO80SS104K5RAC7800
MIL P/N
YAGEO
9
11",bd0e3c505e12b747fd1dcf2184e76a7f5128ef8228b3155a25ddbc52cdd2c4c4,254270641,CAPACITOR,1.0000010734182755e+17,IBD3418275793
2026-03-13 16:11:53,KEMET,KEMCO8OSS104KSRA,2500,,10,paddleocr,6.83s,"P PART NUMBER:KEMCO8OSS104KSRA
CAPACITOR
ROHS-PRC
Q QUANTITY 2500
.100UF SOV
10%
DATE CODE :2S42
C OF O MEXICO
1T LOT :254270641
5B_416
45239/01
KEMET
KEMET P/N CO8OSS104KSRAC7800
MIL P/N
A YAGEO CO
B
ME",331632085ad86bdf0b7d35b251761a21e26b36b35c32d4ab41988c548d3fc1ee,254270641,CAPACITOR,1.0000010734183133e+17,IBD3418313362
2026-03-13 16:14:55,JAUCH,253468,-,,253468,paddleocr,4.96s,"7
JAUCH
1P 253468
() 1000 ST
(1) 012685
ROHS
OAALG
0 8,0 -JXS53P4 - 10 -20/20-T1 -AEC-LF
ONEPG6-05
2
SR",94b6ff124bad677d4f912fa64be279e802d606236eb2875314f4746d8bb4bd08,253468,-,1.0000010734184958e+17,IBD3418495843
2026-03-13 16:15:48,JAUCH,253468,8,,253468,paddleocr,4.94s,"JAUCH
O
1P 253468
() 1000 ST
ROOS
(1) 012685
Q 8,0 -JXS53P4 -10 -20/20 -T1-AEC-LF
OMEPTG36-85
-ARC
2",45ff318df7aa09d81f1cb4e71b81766e1e0ac74503282cf6107ef3ccaf442924,253468,-,1.000001073418548e+17,IBD3418548129
2026-03-13 16:27:25,JAUCH,253468,8,,253468,paddleocr,5.90s,"7
JAUCH
1P 253468
0
()1000 ST
(17) 012685
OH
1MS
Q 8.0 -JXS53P4 -10 -20/20-T1-AEC-LF
ONEPTUG6 -85",821024e80f890795af2a957e1407e6d36b0cc166d27b8a5d8e9e9b8e304ca2f3,253468,-,1.0000010734192456e+17,IBD3419245717
2026-03-13 16:27:41,JAUCH,253468,-,,253468,paddleocr,5.26s,"T1
JAUCH
1P 253468
-
B
() 1000 ST
−
(11) 012685
ROHS
POILRAVY
0 8,0 -JXS53P4 -10 -20/20-T1-AEC-LF
OMEPTUL6-85",63080845fcafa304432d15951be36981711547e7cf343135efac4f7c46fab913,253468,-,1.0000010734192611e+17,IBD3419261308
2026-03-13 16:27:50,JAUCH,253468,8,,253468,paddleocr,5.56s,"AUCH
1P 253468
() 1000 ST
(1) 012685
ROHS
POILMUTY
Q 8,0-JXS53P4 -10 -20/20-T1 -AEC-LF
ONEPIUG6-85",bed9219da4a13133f8fb7987816470b6145a2d59a43b47546c5c413f5c89290b,253468,-,1.0000010734192707e+17,IBD3419270707
2026-03-14 01:45:28,KEMET,KEMCO80SS104KSRA,45239701,,10,paddleocr,5.81s,"P PART NUMBER:KEMCO80SS104KSRA
CAPACITOR
ROHS-PRC
Q QUANTITY 2SOO
.100UF 50V
10%
DATE CODE :2S42
:
C OF O MEXICO
1T LOT:254270641
S0L456
45239701
KEMET
KEMET P/N CO8OSS104KSRAC7800
MIL P/N
8 YAGEO COMPANY
L",df0a4361563cc39f80107d6c0b6b71df336dd7b9388aa25a6c99018e28d45372,254270641,CAPACITOR,1.000001073452728e+17,185101626
2026-03-14 01:46:45,JAUCH,253468,1000,,012685,paddleocr,3.66s,"JAUCH
O
1P 253468
(0) 1000 ST
PB
V
D
(1) 012685
ROHS
−
MINOONY
Q 8,0 -JXS53P4 -10 -20/20 -T1-AEC-LF
OHEPT!G6 -85
(0)",a72766a5857d9bad311adf615c3f8a8d2b7b8903aec0164f963706bee856c761,253468,-,1.0000010734528058e+17,185099607
2026-03-14 02:00:20,KEMET,KEMC0805S104KSRA,45239701,,2542,paddleocr,3.99s,"P PART NUMBER:KEMCO805S104KSRA
Q QUANTITY 2SOO
CAPACITOR
ROHS-PRC
−
.100UF SOV
10%
DATE CODE :2542
1T LOT:254270641
C OF O MEXICO
S
45239701
KEMET P/N C080SS104K5RAC7800
KEMET
MIL P/N
YADEO CN
B
1",8cd8048130d4dc6e178fb4d69e4869c36c99f8eea54e901cf94cb8f37d2af1ee,254270641,CAPACITOR,1.000001000183201e+17,185101626
2026-03-14 02:01:24,JAUCH,253468,1000,,99,paddleocr,3.64s,"JAUCH
99
1P 253468
(B
(0) 1000 ST
-
O
(11) 012685
ROHS
JEILBVTY
0 8,0 -JXS53P4 - 10 -20/20 -T1-AEC-LF
6MEP10236-85
2",fea38d2b473ea547695d9026cee691bdfcba3509c536e3bba84d630aa87d3355,253468,-,1.0000010001832894e+17,185099607
2026-03-14 02:02:19,JAUCH,253468,1000,,012685,paddleocr,3.35s,"JAUCH
1P 253468
−
-
_
(0) 1000 ST
/
ROHS
D
1T 012685
JOISWVLY
0 8,0 -JXS53P4 - 10-20/20-T1-AEC-LF
OHEPIG6 -5
.
=
1",80b38eb070350314799559b8f3934b38cade7a03b33fbf18cce70aa187d1011c,253468,-,1.0000010001832894e+17,185099607
2026-03-14 02:02:45,KEMET,KEMC0805S104K5RA,2500,,2542,paddleocr,3.40s,"P PART NUMBER:KEMCO805S104K5RA
CAPACITOR
ROHS-PRC
Q QUANTITY2500
.100UF SOV
10%
DATE CODE :2542
(IT) LOT:254270641
C OF O MEXICO
45239701
KEMET
KEMET P/N CO8OSS104KSRAC7800
MIL P/N
U",eef8b70918e3b83e71a4d29d017aff72bf39ba3c0b80e70d995232d33c227a41,254270641,CAPACITOR,1.000001000183201e+17,185101626
2026-03-14 02:03:00,KEMET,KEMCO8OSS104KSRA,2500,,2542,paddleocr,3.79s,"P PART NUMBER:KEMCO8OSS104KSRA
¤
CAPACITOR
ROHS-PRC
Q QUANTITY2500
.100UF S0V
10%
DATE CODE :2542
1T LOT:254270641
COF O MEXICO
1
45239701
KEMET
KEMET P/N COBOSS104KSRAC7800
MIL P/N
YAGEO
O
2
:",ef7e091d2f88fe54bc6da2ef126d95222e9f125c6b978c681ba1122f163d9765,254270641,CAPACITOR,1.000001000183201e+17,185101626
2026-03-14 02:03:59,JAUCH,253468,1000,,253468,paddleocr,3.08s,"JAUCH
Q9
1P 253468
(0) 1000 ST
1T 012685
ROHS
052
JOILMVY
Q 8,0-JXS53P4 -10 -20/20-T1-AEC-LF
ONEPIUG6-85
0
{
D",9191cba3fe9aee98952bf5816f0d4545598405aa1007fce2888ddcdd7221b78c,253468,-,1.0000010001832894e+17,185099607
2026-03-14 02:07:12,UNKNOWN,-,-,,-,paddleocr,2.74s,"U
D
0
8
M
3$",e868fc5b79834840e1c3a2441a0fbf9eba0bd02828283ee2d7b9cc0dcf893913,-,-,1.000001000183201e+17,185101626
2026-03-14 02:07:31,UNKNOWN,WOLYNALEDES,-,,67,paddleocr,2.94s,"0
67
WOLYNALEDES
TTTQIHYY.
N.<-
, •
Y",d701d663e34b27dec217e73b8c23fbdd606b7266773265985739fc4ef7094d8d,-,-,1.000001000183201e+17,185101626
2026-03-14 02:07:35,UNKNOWN,-,-,,-,paddleocr,3.10s,"0
."" 'S
1
(VAKD
G
I~
-
2",90ded1b745df423ae380f8a07694c1861c1c0f57c31688ab8194fc7d33475632,-,-,1.000001000183201e+17,185101626
2026-03-14 02:27:33,UNKNOWN,-,-,,-,paddleocr,2.36s,-,0f245680138b336171220cce50f537e20e6f6cc6424ac37218cbc8e08de2cfcc,-,-,,
2026-03-14 02:27:55,JAUCH,253468,1000,,253468,paddleocr,3.40s,"JAUCH
1P 253468
(0) 1000 ST
PB
1T 012685
ROHS
""
JOINY
U
2
Q 8,0 -JXS53P4 -10 -20/20-T1-AEC-LF
OHEPI0156-85
O
U",1a9356d6fffc188694a7048a40c68179d5924ffbb058dab88396e5ad3edc63a0,253468,-,1.0000010001832894e+17,185099607
2026-03-14 02:29:06,KEMET,KEMCOBOSS104KSRA,2500,,2542,paddleocr,4.07s,"P PART NUMBER:KEMCOBOSS104KSRA
1
CAPACITOR
ROHS-PRC
Q QUANTITY2500
.100UF S0V
10%
..--
DATE CODE :2542
C OF O MEXICO
1T LOT:254270641
50:436
$45239701
KEMET
KEMET P/N C080SS104KSRAC7800
MIL P/N
WY
—
0
(",6fce36d94dfa0a6f5314b0a15282722043b55735eddea9a673908236a34e2868,254270641,CAPACITOR,1.000001000183201e+17,185101626
2026-03-14 02:32:56,UNKNOWN,-,-,,-,paddleocr,2.63s,-,984edcecc5ebcb27076919e1eda72640e8a8877e6f9337500c74b9102def4bc0,-,-,,
2026-03-14 02:33:26,KEMET,KEMC0805S104K5RA,2500,,2542,paddleocr,4.79s,"7
P PART NUMBER:KEMCO805S104K5RA
?
ED
CAPACITOR
ROHS-PRC
Q QUANTITY2500
10%
.100UF SOV
DATE CODE :2542
COF O MEXICO
1T LOT:254270641
11
E
01
45239701
KEMET
KEMET P/N COBOSS104KSRAC7800
MIL P/N
A YAGEO CARPORY
!",0fbc93a3b306b009bc97e3d2e663979befc033084b3b70fa78fd2907f977b743,254270641,CAPACITOR,1.000001000183201e+17,185101626
2026-03-14 02:34:14,UNKNOWN,-,-,,-,paddleocr,3.20s,"U
0
6
2
A",a72e584f7eaec99ead66cad44fe2b2cc5f31ea6991808a00349f4279a7da1ad9,-,-,,
2026-03-14 02:34:29,KEMET,KEMCO8OSS104KSRA,45239701,,10,paddleocr,5.05s,"P PART NUMBER:KEMCO8OSS104KSRA
""•AMY
Q QUANTITY 2SOO
CAPACITOR
ROHS-PRC
.100UF 50V
10%
DATE CODE :2S42
2
1T LOT:254270641
C OF O MEXICO
TE
59:496
45239701
KEMET P/N CO8OSS104KSRAC7800
KEMET
MIL P/N
A YAGEO CY
~
$\RA }$",a6d0b2d2ced15781fab8afe27704e967d2292cf782a47a92190a4219c9e9de89,254270641,CAPACITOR,1.000001000183201e+17,185101626
2026-03-14 02:35:02,JAUCH,253468,8,,253468,paddleocr,4.03s,"(
JAUCH
0.9
1P 253468
() 1000 ST
_
ROHS
(11) 012685
OLLBEVLY
Q 8,0 -JXS53P4 -10 -20/20 -T1-AEC-LF
OMEPL036-85
!",57b1e367fb4df9ac45b350f0136f42d2a740571aa0b51af587239996899f2b59,253468,-,1.0000010001832894e+17,185099607
2026-03-14 02:36:06,KEMET,KEMCO8OSS104KSRA,2500,,2542,paddleocr,3.89s,"3
P PART NUMBER:KEMCO8OSS104KSRA
CAPACITOR
ROHS-PRC
Q QUANTITY 2500
.100UF 50V
10%
DATE CODE :2542
:
,00
C OF O MEXICO
1T LOT:254270641
45239/01
KEMET
KEMET P/N CO80SS104KSRAC7800
MIL P/N
A YAGEO CY
0
!",23c0890915aa9e9af77dfba70f6c642632002680ca637ab44abd541f94963aad,254270641,CAPACITOR,1.000001000183201e+17,185101626
2026-03-14 02:37:05,JAUCH,253468,-,,00,paddleocr,3.86s,"1
(:
JAUCH
00
1P 253468
() 1000 ST
B
(17) 012685
ROHS
PAM2Y
120
0 8,0 -JXS53P4 -10-20/20-T1-AEC-LF
OHEPRUG6-8S
7Y
A
J
45",20da2494ae7d6b3803ca10190f546b0b1f91b3a0afa7bb508ce72b6061634553,253468,-,1.0000010001832894e+17,185099607
2026-03-14 02:37:18,JAUCH,253468,1000,,253468,paddleocr,3.73s,"JAUCH
0.0
1P 253468
(0) 1000 ST
0
(1) 012685
ROHS
NWMY!
Q 8,0 -JXS53P4 -10 -20/20 -T1-AEC-LF
C
57
6NEPLUG6-85
*",07cf285e512a37dc86161a9bfdbba2d0693d52d7b0429a342ef6371836d911e1,253468,-,1.0000010001832894e+17,185099607
2026-03-14 02:38:57,UNKNOWN,-,-,,07,paddleocr,2.84s,"U
A
0
−
4
07",35276e51383713cbb32c9e1a78d0552ec5ac9825bb5211de45bebd1914c85d24,-,-,,
2026-03-14 02:39:06,JAUCH,253468,1000,,253468,paddleocr,3.42s,"JAUCH
1P 253468
(0) 1000 ST
O
(11) 012685
ROHS
IWYT
00
0 8,0-JXS53P4-10 -20/20-T1-AEC-LF
ONEPI0136-85
F
7
U",d1f3c4e16d25ecddc544b6dea88ccc13405c322fc0ba0c1dfb2d7908984ba149,253468,-,1.0000010001832894e+17,185099607
2026-03-14 02:39:40,KEMET,KEMCOBO5S104KSRA,45239701,,10,paddleocr,4.19s,"B
P PART NUMBER:KEMCOBO5S104KSRA
Q QUANTITY2SOO CAPACITOR
ROHS-PRC
AEE
.100UF 50V
10%
DATE CODE :2S42
FG
C OF O MEXICO
1T LOT :254270641
1
45239701
KEMET
M
KEMET P/N CO80SS104KSRAC7800
MIL P/N",7bbf74085bc5734ce8f814c15586fecc32e1cf89287718ae0e5716b298a26bd3,254270641,CAPACITOR,1.000001000183201e+17,185101626
2026-03-14 02:45:27,KEMET,KEMC0805S104KSRA,2500,,2542,paddleocr,4.65s,"I!
(
P PART NUMBER:KEMCO805S104KSRA
CAPACITOR
ROHS-PRC
Q QUANTITY 2500
.100UF 50V
10%
DATE CODE :2542
C OF O MEXICO
1T LOT:254270641
COE
=
5PL46
#45239701
KEMET
KEMET P/N CO8OSS104KSRAC7800
MIL P/N
1
YAGEO E
ME
R",4400d87008199ce3c61dca15ea28352d0c1bb1870ad2c6ec874bc22d1908514a,254270641,CAPACITOR,1.000001000183201e+17,185101626
2026-03-14 02:45:49,JAUCH,253468,253468,,10,paddleocr,3.69s,"(
AUCH
Q
1P 253468
6
() 1000 ST
OO
1T 012685
ROHS
PILNVIY
D
0 8,0 -JXS53P4 - 10 -20/20-T1 -AEC-LF
M
ONEPIUG6-S
1
0
7",d7507944d75de3ad01baa295610a54e7d60ee98360a3ca46ca36c63f8e5cb113,253468,-,1.0000010001832894e+17,185099607
2026-03-14 02:46:04,JAUCH,253468,1000,,000,paddleocr,3.92s,"(
AUCH
000
1P 253468
Q 1000 ST
(PB
O
1T 012685
ROHS
PILNVIY
.
Q 8,0-JXS53P4-10-20/20-T1-AEC-LF
OHEPTU136-85
F
{
3",9bc1a93bd9907b16c039d98e70c901187c295cc26f58b56879527fc0b47c63bd,253468,-,1.0000010001832894e+17,185099607
2026-03-14 02:46:14,JAUCH,253468,1000,,253468,paddleocr,3.73s,"JAUCH
1P 253468
7
(0) 1000 ST
AB
5
O
%
(1) 012685
_
ROHS
YOISNVR
U
2
Q 8,0 -JXS53P4 -10-20/20-T1-AEC-LF
1
OHEPT06-85
11",bb2bf6a68034e454b20ce0288ba68ba80a4c70278511e3b0d3f14302404c6490,253468,-,1.0000010001832894e+17,185099607
2026-03-14 02:46:39,UNKNOWN,-,-,,31,paddleocr,3.21s,"0
F
C
31",92ae8e5174e096e5538437893cefd407521211ca12e9a7ba85973013bac21914,-,-,,
2026-03-14 02:46:49,JAUCH,253468,1000,,253468,paddleocr,4.05s,"JAUCH
0E
1P 253468
P
(0) 1000 ST
ROHS
(17) 012685
3.
OLVY
2
Q 8,0 -JXS53P4 -10 -20/20 -T1-AEC-LF
OMEPT926-85
—
1;",1e1ba879b175f951c1a87d3b135672871a47855345f92219768bd33d5929f354,253468,-,1.0000010001832894e+17,185099607
2026-03-14 02:47:18,KEMET,KEMC0805S104K5RA,45239701,,10,paddleocr,5.06s,"P PART NUMBER:KEMCO805S104K5RA
CAPACITOR
ROHS-PRC
Q QUANTITY 2S00
.100UF 50V
10%
DATE CODE :2S42
1
COF O MEXICO
1T LOT:254270641
3CL486
45239701
KEMET
KEMET P/N CO8OSS104K5RAC7800
MIL P/N
A YAGCO
G
(0)
/
}
R",373e350e72e35d33df14c144f77812aebbc4ac0f74991193cadf46c5fd51e4b7,254270641,CAPACITOR,1.000001000183201e+17,185101626
2026-03-14 02:47:34,KEMET,KEMC0805S104KSRA,2500,,2542,paddleocr,4.08s,"P PART NUMBER:KEMCO805S104KSRA
CAPACITOR
ROHS-PRC
Q QUANTITY2500
.100UF 50V
10%
DATE CODE :2542
1T LOT:254270641
C OF O MEXICO
∵
U
SFL486
5
45239701
KEMET P/N C080SS104KSRAC7800
KEMET
MIL P/N
A YAGCO CO
T
3",243388d36135c22fa0664f2315902bcac9a6f00ba4203eb21caf761b36e8d67e,254270641,CAPACITOR,1.000001000183201e+17,185101626
2026-03-14 02:47:58,KEMET,KEMCO8OSS104KSRA,2500,,2542,paddleocr,4.75s,"P PART NUMBER:KEMCO8OSS104KSRA
ROHS-PRC
CAPACITOR
Q QUANTITY2500
.100UF S0V
10%
.
DATE CODE :2542
C OF O MEXICO
1T LOT:254270641
62
$*456
45239701
-
KEMET
KEMET P/N C08OSS104KSRAC7800
MIL P/N
A YAGEO CO
B",5593f26c55771fbc92d4fc9a94277fa98ea6e30dded9083f7eab7da9f3ca4549,254270641,CAPACITOR,1.000001000183201e+17,185101626
2026-03-14 02:48:24,JAUCH,253468,1000,,253468,paddleocr,4.52s,"JAUCH
1P 253468
L
Q 1000 ST
P
(1) 012685
ROHS
-
U
OIUNVTY
5
Q 8,0-JXS53P4-10-20/20 -T1-AEC-LF
ONEPTUG6-85
M
3
(
2
:",6c45f086c0761c352e9c878137d92c7b304e870ad22334dc1d97622c0016174c,253468,-,1.0000010001832894e+17,185099607
2026-03-14 02:48:45,UNKNOWN,-,-,,-,paddleocr,2.38s,-,3dd3f725924eb39aa526ef497f70edecc2c107928cb1c38d7d67b9071434cd8e,-,-,,
2026-03-14 06:32:57,KEMET,NUM8ER,45239701,,2542,paddleocr,7.82s,"P
P PART NUM8ER:KEMCO805S104KSRA
'
Q QUANTITY2S00
CAPACITOR
ROHS-PRC
T
−
.100UF 50V
10%
DATE CODE :2542
1T LOT:254270641
C OF O MEXICO
046
45239701
KEMET P/N CO8OSS104KSRAC7800
KEMET
MIL P/N
A YAGEO COMPONY
C
7",53de29547c962802e57a5cb16ec745c5b3811a4d7480e23f38dfacbdb088a002,254270641,CAPACITOR,1.000001000183201e+17,185101626
2026-03-14 06:33:45,KEMET,KEMCO8OSS104KSRA,45239701,,2542,paddleocr,7.57s,"U
4
P PART NUMBER:KEMCO8OSS104KSRA
Q QUANTITY 2SOO
CAPACITOR
ROHS-PRC
.100UF SOV
10%
DATE CODE :2542
1T LOT :254270641
C OF O MEXICO
T
5"":415 (11]
UAIA
45239701
KEMET P/N CO8OSS104KSRAC7800
KEMET
MIL P/N
• YAGTO COMPARY
A
Y
R",12ff412711e55208f1087c07c64b8bfc2ab78a93e3bb43463c7d24f2112eeb17,254270641,CAPACITOR,1.000001000183201e+17,185101626
2026-03-14 06:33:53,KEMET,KEMC0805S104KSRA,2500,,10,paddleocr,6.66s,"!
7
P PART NUMBER:KEMCO805S104KSRA
Q QUANTITY 2500
CAPACITOR
ROHS-PRC
.100UF 50V
10%
DATE CODE :2S42
1T LOT :254270641
C OF O MEXICO
SPL4IE
45239701
KEMET P/N CO8OSS104KSRAC7800
KEMET
MIL P/N
O YAGEO COMPORTY",5d1f6dfc5634fe5728183691d2412682bee342086609b31d362484d08ac32de6,254270641,CAPACITOR,1.000001000183201e+17,185101626
2026-03-14 07:01:23,KEMET,KEMC0805S104K5RA,45739701,,2542,paddleocr,6.59s,"P PART NUMBER:KEMCO805S104K5RA
4
CAPACITOR
ROHS-PRC
Q QUANTITY2SOO
.100UF SOV
10%
DATE CODE :2542
C OF O MEXICO
1T LOT:254270641
3*,436
45739701
KEMET
KEMET P/N CO8OSS104KSRAC7800
""
MIL P/N",7b7fedb0f9e8919c51137ebc083cb3029393621d4c907917505a1f8151194260,254270641,CAPACITOR,1.000001000183201e+17,185101626
2026-03-14 07:02:09,KEMET,KEMCO8OSS104KSRA,45239701,,2542,paddleocr,5.78s,"P PART NUMBER:KEMCO8OSS104KSRA
CAPACITOR
ROHS-PRC
Q QUANTITY 2SOO
.100UF SOV
10%
DATE CODE :2542
C OF O MEXICO
1T LOT:254270641
SPLAIG
45239701
KEMET
KEMET P/N C08OSS104KSRAC7800
MIL P/N
O YACEOC
T0",e327dac368053212319a0e136175d464629abbf569d1b2edf45af8e24a8f2cf6,254270641,CAPACITOR,1.000001000183201e+17,185101626
2026-03-14 07:02:25,KEMET,KEMC0805S104KSRA,2500,,2542,paddleocr,5.75s,"P PART NUMBER:KEMCO805S104KSRA
ROHS-PRC
CAPACITOR
Q QUANTITY 2500
.100UF 50V
10%
41
DATE CODE :2542
C OF O MEXICO
1T LOT:254270641
B
39L486
45239701
KEMET
KEMET P/N COBOSS104K5RAC7800
MIL P/N
A YAGTO CY
M",471a353e5a5a5310ab9e980ea2722618d8d596b8beca8fc2dbb06cd8f1460c24,254270641,CAPACITOR,1.000001000183201e+17,185101626
2026-03-14 07:02:53,KEMET,KEMCO8OSS104K5RA,2500,,10,paddleocr,6.34s,"P PART NUMBER:KEMCO8OSS104K5RA
'
ROHS-PRC
CAPACITOR
Q QUANTITY 2500
10%
.100UF 50V
DATE CODE :2S42
C OF O MEXICO
1T LOT :254270641
SPLALG
45239701
KEMET
KEMET P/N CO80SS104K5RAC7800
MIL P/N
A YAGEO C
8",45a24afd71e46ec3dbbfafed2980ad41a72195e54ca811b49f5bfaa575a56922,254270641,CAPACITOR,1.000001000183201e+17,185101626
2026-03-14 07:03:31,JAUCH,253468,1000,,253468,paddleocr,5.60s,"AUCH
OF
0
1P 253468
(PB)
Q 1000 ST
2
•
V
(11) 012685
ROHS
O
√
RIVVTE
0 8,0 -JXS53P4 - 10 -20/20 -T1-AEC-LF
OHEPIUG6-85",6afee00b4815b5d2d70d4c9dc56a6685aca5cf2bb3b4e9c2cffb84433ed85ff7,253468,-,1.0000010001832894e+17,185099607
2026-03-14 07:04:00,UNKNOWN,-,-,,-,paddleocr,3.20s,-,b48df7f1252fdf31921be71a1cd19248312d356205525a731867efd343e6e22f,-,-,,
2026-03-14 07:04:28,JAUCH,253468,8,,00,paddleocr,5.21s,"JAUCH
00
1P 253468
() 1000 ST
P
P.
V
_
ROHS
O
1T 012685
−
PIMZVTY
Q 8,0 -JXS53P4 -10 -20/20-T1 - AEC-LF
OMEPTO126-85
T0",c177e5cf187f15de4f253c637c339f1173b8cef8bbb90ca816f3b8943bf37204,253468,-,1.0000010001832894e+17,185099607
2026-03-14 08:30:25,JAUCH,253468,1000,,253468,paddleocr,8.23s,"JAUCH
0
O
1P 253468
7
(0) 1000 ST
2
−
1T 012685
ROHS
A
POIWNWIY
Q 8,0 -JXS53P4 - 10-20/20-T1-AEC-LF
OMEP19136-85",9e5eb45d7131df79a2a7e8b8b396b05a487ba8808e29e775048f2c9bb65b40d2,253468,-,1.0000010001832894e+17,185099607
2026-03-14 08:30:44,JAUCH,253468,1000,,253468,paddleocr,7.25s,"AUCH
9
1P 253468
(0) 1000 ST
3
-
H
(1) 012685
ROHS
YOIUSSVY
Q 8,0 -JXS53P4 - 10 -20/20 -T1-AEC-LF
ONEPL016-85",3308ba08452294d2db73f83ad4ac6e9f2733cab8b7f607464ba361c1ebbb2d2e,253468,-,1.0000010001832894e+17,185099607
2026-03-14 08:30:58,UNKNOWN,253468,8,,253468,paddleocr,6.72s,"DAUCH
O.
O.5
1P 253468
() 1000 ST
−
0
:
(11) 012685
ROHS
20113V1Y
Q 8,0-JXS53P4 -10-20/20-T1-AEC-LF
OMEPT126-85",1e4d723a1a3f70626b53b4e52bb9625a984a5d1a25d1e67cbeb16d40e36b4cbf,253468,-,,
2026-03-14 08:31:13,JAUCH,253468,1000,,012685,paddleocr,7.34s,"JAUCH
0
1P 253468
Q 1000 ST
AB
:
2
J
D
1T 012685
ROHS
POIVEVTY
Q 8,0-JXS53P4 -10 -20/20-T1-AEC-LF
OMEPI0136-85
CM",f7316eefe06a2206d9897438695e9e58272fbd9ef8783464ea36f0da3e9dbc99,253468,-,1.0000010001832894e+17,185099607
2026-03-14 08:34:48,JAUCH,253468,1000,,052,paddleocr,7.38s,"JAUCH
052
1P 253468
0
(PB
HE
Q 1000 ST
.
—
ROHS
1T 012685
−
YOIRVTY
Q 8,0 -JXS53P4 -10 -20/20 -T1-AEC-LF
+
ONEPT9126 -85",6f4915783edeca346827540c80c1e1ffb24f238ce0363ed7e508c20964e9317e,012685,-,100000100018328942,185099607
